url,author,content,severity,created,gpt_label,claude_label,gemini_label,llama_label,mistral_label,source_subreddit_label,implicit_hits
reddit_depression_suicidewatch_dataset,unknown,"I am tired of fighting. I am tired of feeling worthless. I am tired of struggling. I give up, I am done. I am just waiting for the end. Feels like it will not come. I am ready to die, but it feels like I am being forced to stay here. I just want to be set free I do not want to be here anymore",1,,,,,,,depression,3
reddit_depression_suicidewatch_dataset,unknown,"I cannot do anything fucking right, all I do is disappoint... I try so hard to get better, but it feels worthless... I want to end everything in a slow and painful way, the only one I deserve. But I cannot leave my friends, family and most importantly my boyfriend. I cannot do that to them, but I cannot hold on anymore. I just want to sleep forever I am a failure",1,,,,,,,depression,3
reddit_depression_suicidewatch_dataset,unknown,"there is so much going on in my life whether its family issues , financial issues, relationship issues etc. I have been diagnosed with depression since I was 8 years old I am currently 19 and have been off of meds since I was 18. Everyday is a struggle.there are many times when I have these thoughts of much better it would be just to end it all. I am genuinely tired of being tired. I know what everyone says ohh things get better, its not always going to be like that , you will be ok . But in reality I do not ever think I am going to be ok . While I am writing this I feel numb, empty , nothing I wish I could feel anything besides feeling hopeless. Drugs do not help anymore I honestly do not know what to do I just feel like offing myself would be the best option . I would say this is a cry for help but idk if is ..I just want to give up so bad I honestly have no clue",1,,,,,,,depression,3
reddit_depression_suicidewatch_dataset,unknown,"I do not know how to say this or put my thoughts into words, all I can say is I am so tired . I am tired of living. I am so apathetic towards life , I do not want to make plans for the future because I do not think Ill follow through . I feel worthless every single day. I do not feel anything. I just feel so numb all the time. I am not able to hold a relationship with anyone not even my parents. I just feel this impending doom, and it feels so heavy on my chest. Its like I am screaming for help on the inside but no one even bothers to hear me or help. I have met such terrible people throughout my life. I am also on antidepressants which are sort of a crutch for me. I feel like my mood is stable but on the inside I am just numb. I do not see the point to living anymore. I am so tired. Just existing everyday is killing me slowly. Does anyone feel as apathetic towards life ? I am so tired",1,,,,,,,depression,3
reddit_depression_suicidewatch_dataset,unknown,I just cannot wait to pass away Life is pointless nothing matters at all,1,,,,,,,depression,2
reddit_depression_suicidewatch_dataset,unknown,I am tired of living like this I wish I can just disappear without a trace...,1,,,,,,,SuicideWatch,2
reddit_depression_suicidewatch_dataset,unknown,"I hate myself. I did not ask to be born, so I should not be forced to stay. Numb. So fucking Numb.",1,,,,,,,SuicideWatch,2
reddit_depression_suicidewatch_dataset,unknown,I want it to stop. Everyone I love hates me. I am probably being cheated on. I just want to give up. I hate living.,1,,,,,,,SuicideWatch,2
reddit_depression_suicidewatch_dataset,unknown,I am so drained. I just want peace. I have been praying for peace for three full years. I just want to sleep forever. Tired,1,,,,,,,SuicideWatch,2
reddit_depression_suicidewatch_dataset,unknown,Anyone else find this extremely boring? I just want to sleep forever or be unconscious forever. Eatworkgo to bedoccasionally hangout with friends.,1,,,,,,,depression,2
reddit_depression_suicidewatch_dataset,unknown,I know I need help but I cannot voice it. And i do not even know how to say this. I just want to disappear. I am hopeless. I cannot anymore. I need help,1,,,,,,,SuicideWatch,2
reddit_depression_suicidewatch_dataset,unknown,"I do not think I need to say anything else.I am just very fed up of this all and I just want to sleep. Broken, Hopeless, and Hearing voices. Mentally exhausted.",1,,,,,,,depression,2
reddit_depression_suicidewatch_dataset,unknown,"I have no potential and no future, I am so tired of this suffering, god fuck it I am not even going to finish this post nothing matters. So many reasons to die, so few to live",1,,,,,,,SuicideWatch,2
reddit_depression_suicidewatch_dataset,unknown,I want to dissolve into nothingI feel empty and void. I do not feel much of anything really much of anything other than nothing.Im worthless and invisible.Nothing matters Nothing matters,1,,,,,,,depression,2
reddit_depression_suicidewatch_dataset,unknown,I do nothing of value to me or anyone else. I have nothing and believe in nothing and I am pretty sure I am no one. This life feels so worthless. Why am I here? There is nothing left,1,,,,,,,depression,2
reddit_depression_suicidewatch_dataset,unknown,I just want to give upI have never been enough for anyone and I am tired of trying to be.I am ready to die.It would be so much easier and so peaceful I am tired.I have no fight left in me,1,,,,,,,SuicideWatch,2
reddit_depression_suicidewatch_dataset,unknown,No one cares. Even the ones that say they do do not care about me. I do not enjoy anything anymore. I am alive for no reason right now. I am exhausted. Just want to disappear. No reason to live,1,,,,,,,SuicideWatch,2
reddit_depression_suicidewatch_dataset,unknown,I am just so tired of living .it feels like a burden. Having told my partner about me thinking about it and her not caring does help me to realize perhaps it is time to move on. I want to disappear,1,,,,,,,SuicideWatch,2
reddit_depression_suicidewatch_dataset,unknown,I am 21 turning 22 on Monday. I feel like I am nothing. I have researched all kinds of way to die by self but I am too scared to do any of it. I wish I could disappear this is too much. I have no idea what to fo,1,,,,,,,SuicideWatch,2
reddit_depression_suicidewatch_dataset,unknown,"I am dumb and numb , i made so many mistakes. I have lost everything and every options now I am 26 and it is too late to fix my life. I am too broken and sick I am my own murder... Hate myself because I am stupid",1,,,,,,,depression,2
reddit_depression_suicidewatch_dataset,unknown,"it is like an endless road of misery and no matter how much I try to take another path, I end up there every single time, I am completely hopeless at this point and I give up This darkness keeps getting darker and darker everyday",1,,,,,,,depression,2
reddit_depression_suicidewatch_dataset,unknown,"I have never felt so alone, worthless, unloveable and hopeless in my life. I do not know what to do to feel better. Nothing helps. I hate everything right now. I cannot stop crying. My chest hurts. Why am I the worst person that everyone gets sick of? Help",1,,,,,,,depression,2
reddit_depression_suicidewatch_dataset,unknown,Life is pain and I just want to disappear forever. Like nobody would notice anyway. The only person who cared now hates me and I do not even know why. So what is the point. I have got nothing left to live for Y'know it was okay for a while but its back again,1,,,,,,,depression,2
reddit_depression_suicidewatch_dataset,unknown,"keep having panic attacks, waves of uncontrollable crying and then i feel numb and empty. I am missing work a lot and I am just tired, I am so fucking tired of trying. what is the point in being here when i am getting nothing out of life too depressed to work",1,,,,,,,depression,2
reddit_depression_suicidewatch_dataset,unknown,I am tired of feeling this way. is anything real? am i real? are these my hands? i wish i could sleep forever. I am going out tomorrow to buy a blade and I am going to start starving myself again to cope. why was i ever born if i was going to be living like this? i just want to sleep forever,1,,,,,,,SuicideWatch,2
reddit_depression_suicidewatch_dataset,unknown,"I feel so empty inside. I lost the will to live. I am freaking 24, still friendless, uneducated working a dead end job. I want to disappear. I check my phone hourly even tho I have no friends. Just staring at this blank lockscrren is depressing loneliness hurts so much",1,,,,,,,SuicideWatch,2
reddit_depression_suicidewatch_dataset,unknown,I am just done. I have accepted that I do not exist. I do not care if other people care about me. I am just miserable. And I do not want to put in the effort to make change. I am too tired. I am tired of everything. I just want to sleep. there is no reason to go on when you do not even want to,1,,,,,,,depression,2
reddit_depression_suicidewatch_dataset,unknown,I am a horrible selfish person who does not deserve to be alive. i am an attention seeking awful person who deserves to die. i am worthless. absolutely worthless. a rotting carcass is all i am. how much longer can i cut beat or starve myself until there is nothing left. I am so tired i deserve to rot,1,,,,,,,SuicideWatch,2
reddit_depression_suicidewatch_dataset,unknown,I am so upset and I hate myself I want to die I feel worthless and nobody is awake to talk to me and I just want somebody to listen to me or talk to me or something I just want to pretend what I say is important to somebody even if just for a few minutes please Please can anybody talk to me??,1,,,,,,,depression,2
reddit_depression_suicidewatch_dataset,unknown,Cannot be good for me. Most days I barely move my body at all. I have no hobbies and no duties or responsibilities. My muscles are surely atrophying slowly. There is no reason to get out of bed. Nothing sparks joy. Nothing matters. Nothing is important. The number of hours I lay motionless in bed...,1,,,,,,,depression,2
reddit_depression_suicidewatch_dataset,unknown,"Waking up to work, eat, work, then sleep to meet another same routine. Communicating with other people is tiring. I just want to sleep forever.When I go to a high place, a desire to jump come into me. To other people it might just seem like I was daydreaming. I really want to jump.So tired. Life is boring",1,,,,,,,SuicideWatch,2
reddit_depression_suicidewatch_dataset,unknown,"No friends, nothing to do, everyday is the same and i hate my life. Why does it have to be like this man, i did not ask to be here and yet I was placed on this space rock just to exist and be tortured by my miserable existence. 16 years lived and 16 too many. I just want it over. I am young, depressed, alone, worthless, and numb.",1,,,,,,,depression,2
reddit_depression_suicidewatch_dataset,unknown,"I am tired of having no friends.I am tired of the toxic, abusive home I am trapped in.I am tired of my job.I am tired of my health issues.I am tired if every day just being the same numb, repetitive bullshit that never seems to end.I wish I could find the courage to die. I am too far gone to save from this hell on earth. I am tired of everything",1,,,,,,,SuicideWatch,2
reddit_depression_suicidewatch_dataset,unknown,I have drank myself into an abyss and I do not know if I can carry on. I am just a piece of shit who nobody would care if I disappeared. I do not know how much more I can take. I am so sick of my life .I am literally sat in the dark at 3 in the morning alone and going crazy in my thoughts I have had enough. I am so numb I cannot even I cannot cope,1,,,,,,,depression,2
reddit_depression_suicidewatch_dataset,unknown,"Please....I do not want to hate myself anymore. I cannot handle the negative emotions 24/7 7 days a week anymore. I do not want to feel useless and worthless. I want to be okay for once in my life. My brain keeps beating me up, telling me I am trash. I am stressed out I can barely sleep. I am all alone. I want to be set free from this but I cannot I am in so much pain",1,,,,,,,depression,2
reddit_depression_suicidewatch_dataset,unknown,"This cycle of isolation will never end unless I make myself vulnerable or numb neither of which I am very good at doing and therefore, there seems to be only one logical end. The only thing holding me back is my mother and sister who have already been through so much already that I am afraid I would break them and therefore have another thing to feel guilty about. Hopeless",1,,,,,,,SuicideWatch,2
reddit_depression_suicidewatch_dataset,unknown,"I am just prolonging a ultimately pointless existence. It should not be like this I have so little strength these days. I am so tired. I want it to end. I want it to stop. I cannot live with myself anymore. I want to tear away my flesh till there is nothing. I do not want to be here anymore. I am so empty. It hurts dragging myself through everyday, non stop screaming in my head to end it",1,,,,,,,SuicideWatch,2
reddit_depression_suicidewatch_dataset,unknown,"I have tried so hard not to blame anyone else, but doing that eats away at you. And I ran out of myself to give a long time ago.I hate them. I hate everyone. Most of all, I hate myself for feeling this way, but soon, even that will be swallowed by the hate. Self-righteous fools who have their heads shoved too far up their own asses to see anything.there is nothing left. I want to hurt them",1,,,,,,,SuicideWatch,2
reddit_depression_suicidewatch_dataset,unknown,I am suffering from depression and anxiety issues from past 4 months.. have not seen any major improvement yet ... The worst part is I feel like I am burden to my family both financially n emotionally I just do not want to express anything anymore I do not want to worry them anymore ... But the more I try to keep it to myself the more it feels like I m suffocating.. I m just tired of this life do not know what to do anymore Help,1,,,,,,,depression,2
reddit_depression_suicidewatch_dataset,unknown,"i wish i can just disappear. not even to kms because that would just be another disappointment my parents would hate to talk about. what i want is to have never existed at all. to have never been born. i have to live another 60+ years just to die anyway. i wish taking your own life was not so frowned upon. if i wanted to sleep forever,then let me. I am so fucking done with trying to meet everyone is expectations. i wish there was a way",1,,,,,,,SuicideWatch,2
reddit_depression_suicidewatch_dataset,unknown,"I feel sad or numb all the time. I do not enjoy anything like I used to, I do not even remember what I used to enjoy. I have no enthusiasm or imagination/ creativity and I am struggling to see this as anything but a hopeless situation. I used to have anorexia and now I feel rubbish, I have started becoming more controlling around food again. I am losing weight, I am tired all the time but I do not have any drive to change things. I feel in a hole",1,,,,,,,depression,2
reddit_depression_suicidewatch_dataset,unknown,"Please, I just need one reason why i should not just yeet myself into oncoming traffic. Nothing matters. Nothing fucking matters. Its all pointless and i do not understand why people think otherwise. I used to think that too myself. What happened? Why am I like this? I am such a complete fucking loser and a waste on societys resources. Honestly. What is the reason that so many other people seem to understand but not me? Someone please give me a reason",1,,,,,,,SuicideWatch,2
reddit_depression_suicidewatch_dataset,unknown,"I am about ready to just give up. I have been trying to get through this depression BS for far too long now. Years of counseling and medication. Lifestyle changes including healthier diet, exercising, meditation. Attempts at connecting with other people. Attempts at pursuing hobbies. Going out and trying new things, being active.I just cannot keep doing this anymore. I need something to change. I am lonely. I am tired. I am hopeless. Hanging on by a thread",1,,,,,,,depression,2
reddit_depression_suicidewatch_dataset,unknown,"third wave covid's hitting my country , which is under coup(no freedom, civilians murdered,all sorts of violence) and on the brink of economic collapse. On top of that I am naturally depressed, and these circumstances just remind me of how right i am that life is pointless, nth makes sense and everyday is suffering. My normal life routine has stopped since 2019, and seems to continue so. I am just really tired and hopeless at this point. everything is too much",1,,,,,,,depression,2
reddit_depression_suicidewatch_dataset,unknown,"AAAAAAAAAAAAAAAAAAAAAAAAAAAAAAAH, sorry I am very overwhelmed and stressed and I hate the internet and I hate ppl, somebody made a joke and I did not get it so I got angry at them cz I thought they were being stupid and ppl did not like that I got angry, I keep fucking up everything, I have not taken my meds I soooo long, I want to just die, I want to sleep forever, I want to disappear, I wish to no longer exist, just poof, gone, forever just like that, anyways I am tired so imma sleep gn so much is going on",1,,,,,,,SuicideWatch,2
reddit_depression_suicidewatch_dataset,unknown,"I have never felt so depressed, worthless, hopeless, and alone my entire life. I wish I had somebody to talk to but I do not have anyone. What should I do? I wish I could just die already. I cannot take this pain anymore, its becoming unbearable to the point I cannot sleep properly or be functional. The only thing holding me back is the fear of failing and ending up in paralysis. I do not know who to reach out to and how. I have tried to talk to people in the past but they did not really care. How to reach out for help?",1,,,,,,,depression,2
reddit_depression_suicidewatch_dataset,unknown,"My life has been hard and full of abuse, and I realize looking back, neglect. The one thing that always bright me joy was creating art. But not anymore. Not it feels so pointless.I have no rain to paint because I have no reason to keep going Art feels pointless now",1,,,,,,,depression,2
reddit_depression_suicidewatch_dataset,unknown,everybody is temporary I am so numbnothing is actually wrong at the momentbut i always find something to be sad about.I am still obsessing over a guy i met online 8 months ago n we have not even talked in 4 months.i do not even want to be in a relationship because if i get attached they will hurt me and leave.but i do not want to be alone.life seems so hopeless.i do not feel enough.i just want to go back to nothing.wish i never existed.i do not have anybody.yet I am still suffering.what can i do?????? i really do not want to exist so alone,1,,,,,,,SuicideWatch,2
reddit_depression_suicidewatch_dataset,unknown,"Some days I am able to distract myself, on other days I simply get reminded of how worthless I am and that I am not really made for life or current society. I feel highly uncomfortable as myself, in my body, in my skin. I just want to disappear. No one close to me would actually miss me, everyone is too distant. I am merely an air molecule to them. I always end up feeling neglected and its probably my fault, my self-blaming is pathetic. I sound like a pick-me girl, I wish I could just shut up for a second. I feel like dying every single day.",1,,,,,,,SuicideWatch,2
reddit_depression_suicidewatch_dataset,unknown,"I am just tired of life. I am tired of living with clinical depression and anxiety, barely managing to function. Every time I think I managed to take a step forward, I go 3 steps back. I keep telling myself It will get better if I work for it but it has been years and nothing improves. Trying to help others or improving myself does nothing. I am numb from feelings and the one time in the last years I had a spark of feelings was shot down pretty quick.I do not even know why I am writing here. I just want to find hope in something I guess. I am lost and tired.",1,,,,,,,SuicideWatch,2
reddit_depression_suicidewatch_dataset,unknown,"Feels good to admit that, to let goall of it its all ultimately worthless in the grand scheme of things. Just thinking about what a small portion our existence takes up in the vast space of the universewe give ourselves meaning but when you compare it to something greater it really becomes nothing.Ig that is why its so easy to let go, everything just becomes a bad joke.I wonder how long this planet will last..if any remnant of humanity will survive in the future. Perhaps everything would be wiped away, nothing left to show we ever existed I do not think I ever cared",1,,,,,,,depression,2
reddit_depression_suicidewatch_dataset,unknown,"Maybe I know that I do in my subconscious, but am in denial or deceive myself in ways to make me feel better? I do not know. Could be from a lot of reasons too. People do notice I beat myself up and I do not really notice it till they mention it, then I reflect on it later with hindsight after the fact and just think and think about everything but I do not know exactly why I feel this way about myself. I do not understand how my brain is wired and I do not know how to understand. I feel lost, and tired of fighting ngl. I feel like I hate myself, but cannot pinpoint why",1,,,,,,,depression,2
reddit_depression_suicidewatch_dataset,unknown,"do not you just hate it when you have been doing well, then you see the person causing you pain? And worse, there is no way to avoid them except going to a different country or state? All those months of hard work trying to be better goes down the drain in just a few seconds? All the negative feelings that you were hoping were disappearing suddenly appears, weighing you down. Wish there is a better and faster way to cope, but it seems hopeless whenever this happens. Like stopping smoking, then going into relapse. I hate this really. Seeing the person responsible for the pain",1,,,,,,,depression,2
reddit_depression_suicidewatch_dataset,unknown,I do not even feel real i do not want help i want out i cba anymore. My feelings contradict each other I am a nihilist and I believe nothing matters yet I am also an antinatalist and i have anxiety? Makes no sense i do not make sense i do not fit in anywhere if I am not dead i just want to be alone forever yet humans need social interaction or they will be miserable i hate this. I have no personality no social skills my friends want to hang out with me but i just ignore them I am so shit i hate being alive its pointless and embarrassing someone just put me down already idek what i am,1,,,,,,,depression,2
reddit_depression_suicidewatch_dataset,unknown,"Really, I do not care anymore, I would throw myself from the balcony right now I do not care, I am tired. But I love my mother and she raised me when the rest of my family was absent, we only had ourselves during my childhood and early teenage years. I cannot do that to her, we talk everyday and she is so glad when I laugh, she wants to believe I am not a lost because so bad, but I am. I cannot hate myself more than I do, I am a worthless piece of shit and I hate existing with all my sick mind and body, I am 27 I lived long enough I want to stop this right now. The only reason is my mom",1,,,,,,,depression,2
reddit_depression_suicidewatch_dataset,unknown,"I feel that I am at the end of the line. Every day is a dread. Stuff is not interesting. I am so irritable and annoyed. I cannot care for anyone and it hurts because I want to care. But I just feel damn empty inside and want to disappear. Can it ever stop being this way? I have tried and tried and feel stuck. Help please. Please some solace, a break, progress. Something that can help me hold on and keep going. Empty and irritating days, every day",1,,,,,,,depression,2
reddit_depression_suicidewatch_dataset,unknown,"Left uni one year ago. Fired from my job one month ago. No friends, just people that use me. Never been in a relationship. My mental health is a mess. No one loves or cares about me, if I only could disappear no one would notice or mind. Home alone for 8 more days before my family returns from holiday. I will not hide the temptation to end it is pretty strong. I have to feed my cat until they come back though, I do not want to make her suffer.cannot take it any longer. Everyone gets tired and sick of me at best after a few months. there is no place for me in this world. Please make me disappear once and for all I am worthless",1,,,,,,,depression,2
reddit_depression_suicidewatch_dataset,unknown,"i was severely depressed from 2017-2020. almost killed myself but i got help, went to therapy, took pills, tried to work myself up and it was going so good. by new year 2020 i felt like my life was on the up, i was in good shape and things were looking up for me. a year and a half later, I am so far gone from the progress i made. its all gone. I have pretty much lost my will to live at this point. everything feels pointless, i feel empty and numb. not really sure what the point of this post even is, but i just feel like i have no one to talk to and i need to empty these thoughts somewhere somehow before they eat me alive. help",1,,,,,,,SuicideWatch,2
reddit_depression_suicidewatch_dataset,unknown,"i cannot win in my life, no matter how hard i try i just cannot ever seem to achieve what i want no matter what. I am not loved by anyone, everyone is just, so cold to me, frankly i just cannot take this. i cannot take this much pain, I am just building failure. I am tired of it, of being second and eating shit, I am tired of living. I have lived for 17 almost 18 years and I am tired. sleeping for most of the day, eating my pain away, the days have become numb and the only thing keeping my alive is how my parents would feel if i died. i do not care about it tonight, i do not care anymore. I am tired of dealing with the same issues over and over again.",1,,,,,,,SuicideWatch,2
reddit_depression_suicidewatch_dataset,unknown,"I am so young i know I should not be feeling this wayI should be out living my life and enjoying myselfI do not want anyone to tell me it gets better because I have waited and tried to get help for over 5 years and here I am in the same exact place I started. Life is a roller coaster and not a pleasant oneIm a seventeen year old girl and I am in survival mode every day. I am tired of fighting this alone If I disappeared tomorrow morning everybody would still go on about their daySo why I am I still here? What am I waiting for? I have already made my decision my next decision is how I am going to do it. I do not want to kill my self, I just want the pain to end",1,,,,,,,depression,2
reddit_depression_suicidewatch_dataset,unknown,"I am 15 years old. I have always struggled with self-worth and hatred towards myself. I have tried to push through as my feeling of self-hate have grown stronger. I am to the point now where anytime anything goes wrong, I think to myself, ""if I were dead, this would not have happened."" I feel like a burden to my family. It feels like everything that could go wrong does. Everyone hates me and probably wants me dead. I know that if I do not die within the next few years, I will be dead before I turn 25. I have already struggled with drug use and hate myself for it. If I live to be 21, ill get way too deep into alcohol and die an alcoholic. Is there any hope for me? do not know what to do...",1,,,,,,,SuicideWatch,2
reddit_depression_suicidewatch_dataset,unknown,"I am a slave to retail. A slave to this system that pretends to care about you and then turn their backs on you when you have even the slightest genuine smile for once.I went a bit accepting myself and my shit life, but I cannot anymore. I am exhausted. I am finding no point to life if I am just going to be stuck in minimum wage. And I am fucking dumb as shit. I have no hood skills or anything other than helping the other poor miserable fools in retail.I really just want to run away. Friends and family do not give a shit anyway. Everything is meaningless and nothing matters. Fuck this life. Every agonizing day is a shitty reminder that my life is absolutely nothing and completely worthless.",1,,,,,,,depression,2
reddit_depression_suicidewatch_dataset,unknown,"For a little background information I have been severely depressed or all most a year now. I have been to several therapists, been on multiple medications but it all has had little to no change in my depression. To put it bluntly I am just tired of living tired of feeling sad, lonely,lost, hopeless tired of I all. I see no point in trying to get help when nothing is working. I am think I am ready to leave the world honestly. I am about to be a senior in high school and the thought of having to go throw a nother year of online school makes me will not to vomit. I do not think I can do that again I rather drop out but I know I cannot so the next best thing is-well I am sure you know. I am just tired of it all",1,,,,,,,depression,2
reddit_depression_suicidewatch_dataset,unknown,"I think I am autistic. I am tired of trying to diagnose myself because my parents did not care to. I dissociate all day. I do not want to be alive anymore. Autism comes with a huge stigma that I do not want and cannot handle. But I do not think I can continue without help. Which means getting diagnosed, or going to therapy, or something. I cannot tell anyone. My mom would never believe me. I cannot even think straight. I am so depressed. I want my life to be over. I do not want to have to fight my way through life anymore. I do not want to have to fight for myself. I just want it to be over. I am tired of crying every day. I just want to sleep. I know this is not the right sub probably but I am just feeling so low. Tired of fighting for myself",1,,,,,,,SuicideWatch,2