url,author,content,severity,created,gpt_label,claude_label,gemini_label,llama_label,mistral_label,source_subreddit_label,similarity_margin
reddit_depression_suicidewatch_dataset_r2,unknown,"I think I have finally had enough. I am not worth it anymore. I am just a crazy, time consuming person. I cannot handle this life anymore. I am really sorry but I am done. I have seizures and I take up time and resources. I am not worth it. I am not worth kindness or friendship. I am worthy of belonging in hell. I cannot do anything correctly. My own father does not even want me. I am mean and terrible to people. I push them all away and most of the time they leave me. It shows me how unworthy I am. I just want to sleep and never wake up. I want to not exist anymore. I just want quiet. I think I have had enough",1,,,,,,,SuicideWatch,0.0701
reddit_depression_suicidewatch_dataset_r2,unknown,"I do not want to exist anymore. Traveling and going to scenic views used to help a bit, but I just do not want to wake up tomorrow. That is all. My cat is the only reason I am still alive and hes mean",1,,,,,,,depression,0.0657
reddit_depression_suicidewatch_dataset_r2,unknown,"When I am dreaming, life is good and then I wake up to this nightmare. Just want to be at peace",1,,,,,,,SuicideWatch,0.0647
reddit_depression_suicidewatch_dataset_r2,unknown,I am so over everything. I just want everything to be over. Why did I have wake up again,1,,,,,,,SuicideWatch,0.0639
reddit_depression_suicidewatch_dataset_r2,unknown,I cannot do it. I cannot s but I cannot live I just do not want to be here anymore please tf do I do Please no more,1,,,,,,,SuicideWatch,0.0588
reddit_depression_suicidewatch_dataset_r2,unknown,"If you want to reply with anything different like there is no reasons to live i do not want you to reply. Reasons to live is the only thing i want to see in replies, got it ? Can someone give me reasons to live",1,,,,,,,SuicideWatch,0.056
reddit_depression_suicidewatch_dataset_r2,unknown,"If I go to sleep now, I do not want to wake up anymore. Life feels dragging too much. cannot do anything, cannot get up from the bed. I am tired too much living this life. I wish somebody could relieve me of this life. I do not want to wake up",1,,,,,,,depression,0.0556
reddit_depression_suicidewatch_dataset_r2,unknown,"I feel empty. Nothing is worth the energy and I have completely lost interest in socializing with people. My parents are constantly riding me about making friends and getting out of the house but I really just do not want to. I just want to sleep all day and never wake up. My body will not even let me do that so I am just reliving the same day over and over again and its breaking me slowly. I just want to go because this is not worth it, nothing is. Never ending",1,,,,,,,depression,0.0523
reddit_depression_suicidewatch_dataset_r2,unknown,I just want the emptiness to be gone. I just want it to all be over. I feel empty,1,,,,,,,SuicideWatch,0.0518
reddit_depression_suicidewatch_dataset_r2,unknown,Nothing is worth it. I have nothing to live for. I hate existence. Also fuck Reddit mods for saying my post on wanting to die was promoting hate cannot even vent my feelings without being made feel like complete shit there is no reason for me to live anymore,1,,,,,,,SuicideWatch,0.0504
reddit_depression_suicidewatch_dataset_r2,unknown,Someone please tell me something. Please. I feel like shit right now someone please see this and say something. Give me a reason to live. Please Someone give me a reason to continue,1,,,,,,,SuicideWatch,0.0499
reddit_depression_suicidewatch_dataset_r2,unknown,i have no motivation or ambitions please give me a reason to live,1,,,,,,,SuicideWatch,0.0497
reddit_depression_suicidewatch_dataset_r2,unknown,Every day i wake up forcing myself to think of reasons life is worth living i resent myself waking up hoping that i just die in my sleep Resetting living,1,,,,,,,SuicideWatch,0.0493
reddit_depression_suicidewatch_dataset_r2,unknown,I just want to stop. I want to eat food and go to sleep but i just cannot stop breaking down and crying and i just want my dad I cannot stop crying,1,,,,,,,depression,0.0483
reddit_depression_suicidewatch_dataset_r2,unknown,I do not want to live anymore.They said it is my fault.This is the best solution. They want me to do this. I do not want another tomorrow where I have to be filled with pain and regret.I will sleep and will not wake up. it is my fault,1,,,,,,,SuicideWatch,0.048
reddit_depression_suicidewatch_dataset_r2,unknown,I am 17 and looking forward to literally nothing in my life. I just want to fall asleep and not wake up I just want to go,1,,,,,,,depression,0.0473
reddit_depression_suicidewatch_dataset_r2,unknown,"Tried of consciousness , I do not want it Just want it all to stop",1,,,,,,,SuicideWatch,0.0472
reddit_depression_suicidewatch_dataset_r2,unknown,i only have one way out. i do not have any options. life with my s/o is misery and probably leading to abuse but life without them is also misery. i cannot do it anymore. living with them is mostly hell but i cannot live without them so i will not. I am just biding my time until september comes and everything will be ok then. ill go to sleep and never wake up again. everyone will be so much happier and better off. misery,1,,,,,,,SuicideWatch,0.0455
reddit_depression_suicidewatch_dataset_r2,unknown,"Its like I am never not tired anymore, like my whole body is full of cement. No matter how much I sleep, I just want to sink back to the ground. How will anything change if I cannot get up I just want to sleep",1,,,,,,,SuicideWatch,0.0451
reddit_depression_suicidewatch_dataset_r2,unknown,I hate being alive. Every minute of everyday is just filled with pain and anguish. Why must we be forced to stay in a world that some of us do not see any hope or any type of future in? I am honestly at the end of my rope and there is nothing I can do to get myself out of this hole. I just want to go to sleep and never wake up because living is just a nightmare. there is no point,1,,,,,,,depression,0.0431
reddit_depression_suicidewatch_dataset_r2,unknown,"When i finally fall asleep, I want my heart to stop beating . I do not care anymore. I do not recognise myself. I am finished I hope I never wake up",1,,,,,,,depression,0.0429
reddit_depression_suicidewatch_dataset_r2,unknown,"I hate my life, I am so lonely I just do not want to be here",1,,,,,,,SuicideWatch,0.0424
reddit_depression_suicidewatch_dataset_r2,unknown,Everyday is impossible. I just want to sleep and never wake up. Sleep is the only good part of my day. Waking up is hell. I have lost everything. And it keeps getting worse. How do I start over I am 44 years old. I had it all now I have got to learn to live with nothing. I just cannot I am having a breakdown inside of a breakdown,1,,,,,,,SuicideWatch,0.0408
reddit_depression_suicidewatch_dataset_r2,unknown,"Living is a chore , I just cannot take it I cannot do this anymore",1,,,,,,,SuicideWatch,0.0405
reddit_depression_suicidewatch_dataset_r2,unknown,"I just cannot anymore. Its not worth it. Everything is so bad I am not even going to wait until my 18th bday. I feel like I cannot tell anyone. I am not in high school anymore, I am not going to college, my therapist ghosted me, it is not worth fighting anymore. This is it. I cannot anymore",1,,,,,,,SuicideWatch,0.0404
reddit_depression_suicidewatch_dataset_r2,unknown,I am 13 and I do not want to live anymore I just cannot take this pressure I do not want to live anymore,1,,,,,,,SuicideWatch,0.0401
reddit_depression_suicidewatch_dataset_r2,unknown,To much stress cannot get much sleep do not know if I want to do this anymore Idk if I want to live anymore,1,,,,,,,SuicideWatch,0.0394
reddit_depression_suicidewatch_dataset_r2,unknown,I just do not want to be alive anymore. The constant hurt and pain is too much to bare. I do not know what the point is anymore. I really do not. Life feels dark and empty. I do not have the strength or the will to be here anymore.I wake up and feel like I cannot breath a deep sadness washes over me.an emptiness.a black hole within.How can I live feeling like this? Its only going to get worse. what is the point?,1,,,,,,,SuicideWatch,0.0384
reddit_depression_suicidewatch_dataset_r2,unknown,I just want to be out of this cruel world. that is all I wanted to say. Just get me out of here.,1,,,,,,,depression,0.0353
reddit_depression_suicidewatch_dataset_r2,unknown,The last 2 weeks have been so hard. I do not think I can continue. My stomach looks like a chess board covered in blood. I do it on my chest because its harder to find. I have 1 reason so live and that is it. And so many more not to. I cannot go on anymore,1,,,,,,,SuicideWatch,0.0348
reddit_depression_suicidewatch_dataset_r2,unknown,i set a date; august 28th. do not really feel anything anymore. I am so tired i just do not want to be lonely anymore,1,,,,,,,SuicideWatch,0.0347
reddit_depression_suicidewatch_dataset_r2,unknown,"Well I could, but I really do not see the point. I cannot do this anymore.",1,,,,,,,SuicideWatch,0.0344
reddit_depression_suicidewatch_dataset_r2,unknown,Recently lost someone as in they did not want to be in my life anymore. I am now feeling like self harming and drinking is the solution to the pain. Really do not want to wake up anymore at this point. Feeling it,1,,,,,,,SuicideWatch,0.0337
reddit_depression_suicidewatch_dataset_r2,unknown,I do not know if I want to live anymore. I just feel so shit. It comes and goes but I honestly do not think the good time are worth the bad. I just want nothing.,1,,,,,,,depression,0.0333
reddit_depression_suicidewatch_dataset_r2,unknown,"What reasons do you have to live? I am trying to answer this question for myself and I am struggling. there is nothing I really want.Presently I am squandering my life and throwing it away, I do not know what else I would do however. I do not have a vision for my future that I desire, the feelings just are not there. I am just existing for no purpose. I have no life goals or anything, I do not know where people get the motivation to work towards things. Reasons to live?",1,,,,,,,depression,0.0328
reddit_depression_suicidewatch_dataset_r2,unknown,"I am surrounded by people and yet i feel so lonely. i cannot rely on anyone because I am too scared of opening up. i just want to get through college but why does no one help? why is no one cheering on me? i spent a year doing nothing because no one wanted to help me. i did everything i could and it still was not enough. i even went through things that i never imagine id do just to earn enough money trying to pay for my education and yet I am still labelled as useless by some family members. i do not see the point of continuing life anymore. i know deep inside me that i still want to live, because if i did not i would not be here ranting out. i just want one more reason to live, please, I am so tired. I feel so lost.",1,,,,,,,SuicideWatch,0.0327
reddit_depression_suicidewatch_dataset_r2,unknown,Give me a reason y my life is worth it one atleast please. do not ask me to live for others please because the only reason I am even writing this is thinking about others so one solid reason please its getting really bad and hard to hold on PLEASE. STOP ME,1,,,,,,,SuicideWatch,0.0326
reddit_depression_suicidewatch_dataset_r2,unknown,Maybe I am a lost soul who happened to be thrown to this world. All I want is to loose conscious and Rest In Peace for eternity I really do not get the point,1,,,,,,,depression,0.0325
reddit_depression_suicidewatch_dataset_r2,unknown,I am abroad rn and the temptation to just get a hotel room and end it all is just there. i hate my life and for so long now I have been convinced that it never gets better. i just want it all to stop i do not want to feel anymore. help,1,,,,,,,SuicideWatch,0.0322
reddit_depression_suicidewatch_dataset_r2,unknown,"Nobody cares about me. Everyone treats me like a nuicense. I do not want to live in this world with such terrible things. I am not sure if there is an afterlife but I would rather jsut end it than see it through just to be treated like shit. Idk why I was put in a world full of such terrible things because they just ruin it. I think if i was gone it would just be better for everyone. This world is just not good to me and idk what I did to deserve it. I know this post is super edgy and whatever but this is really how I feel. To me the reality is just there is nothing TO live for. it is just about how you want to live your life. And since there is nothing to mine, I do not want to live it.Thanks for reading, and goodbye I do not want to live in such a terribly cruel world.",1,,,,,,,SuicideWatch,0.0322
reddit_depression_suicidewatch_dataset_r2,unknown,A few moments of happiness are not worth all the suffering in the long run. Some days are good overall but most of the time they are not. It is just not worth it to go through all that shit only to get a little bit of happiness if any at all. No amount of happiness will ever be worth it. it is just not worth it,1,,,,,,,SuicideWatch,0.0315
reddit_depression_suicidewatch_dataset_r2,unknown,"The world is crowded with hypocrites. ''When you live you are not good enough, when you are dead you are praised.''",1,,,,,,,SuicideWatch,0.0313
reddit_depression_suicidewatch_dataset_r2,unknown,"All I do is go through the motions. Chore after chore. Everything I used to find even remotely enjoyable is now just a chore. How do you keep going without hope? Without anything to live for? How am I supposed to live as this... *person*? I lost my only reason to live, and realized too late. Now it is just me and my dogs and I am just waiting for them to pass so I can end it. there is nothing else for me anymore but the waiting is torture. I do not know how much longer I can do this.",1,,,,,,,depression,0.0311
reddit_depression_suicidewatch_dataset_r2,unknown,I am doing it. Who fucking cares anymore. Everyday I lie saying its getting better its getting better. When its not. I do not care anymore. I do not want a future. I do not want to wake up anymore. I want to be a statistic not a person. Fuck it.,1,,,,,,,SuicideWatch,0.0308
reddit_depression_suicidewatch_dataset_r2,unknown,"I often pray for god to not let me wake up in the mornings because my life is absolute shit and torture. If there were a god, then why do we have to suffer? If there were a god my prayers would be heard and I would have died all ready",1,,,,,,,depression,0.0307
reddit_depression_suicidewatch_dataset_r2,unknown,"I do not want to live anymore, but I am afraid of dying. Everything in life just hurts me and takes a huge mental toll. I do not enjoy anything and I always feel sad. I really do not want to live in all this pain. it is so exhausting and boring that I just want to stop living. But dying is not an option. I have lost too much to death, I do not want to lose even myself to it. What could be a good alternative? what is the alternative?",1,,,,,,,depression,0.0307
reddit_depression_suicidewatch_dataset_r2,unknown,I am bored. I am unhappy. I am alone. The quality of the earth is declining rapidly. I want out. I do not want to be alive anymore,1,,,,,,,depression,0.0306
reddit_depression_suicidewatch_dataset_r2,unknown,"I had an appendicectomy a month or so ago and while I was under the anaesthetic it was complete nothingness and it was the most peaceful, calm moment of my life, I want to go back to that. Sleep does not give me the same peace because I get nightmares. Life feels like every day is just going through the same motions I might as well end it. I want peace.",1,,,,,,,SuicideWatch,0.0305
reddit_depression_suicidewatch_dataset_r2,unknown,"I do not want to live anymore. When I get comfortable with people, my social anxiety takes the better of me and I cannot express anything to anyone. Life is fucked up as much as it can be. Why shall I live? Why do I need to live?",1,,,,,,,depression,0.0305
reddit_depression_suicidewatch_dataset_r2,unknown,Life is a prison. I am trapped. I cannot get out.I do not know what to do. I do not want to live anymore,1,,,,,,,depression,0.0303
reddit_depression_suicidewatch_dataset_r2,unknown,"I mean..I just do not care about anything, I do not see a point in trying to become good at a hobby or expand my knowledge in my interests. I just want to lay here and gone that when I fall asleep I do not wake up again Wow.",1,,,,,,,depression,0.0301
reddit_depression_suicidewatch_dataset_r2,unknown,"I feel like my dogs are the only ones who want me around. I am staying here just for them. Its exhausting. I will not leave them bc I do not know what would happen if I were gone, but when their time comes I do not know what will be left for me. I do not know what to do anymore. I feel so alone here, I just want peace. Living for my dogs",1,,,,,,,depression,0.03
reddit_depression_suicidewatch_dataset_r2,unknown,"Every day I wake up, every second I continue to breathe and be alive, gives my family hope, allows them to believe that someday in the future that I am going to get my life together and turn it around, because if that is not the case, why would I bother sticking around? Why do not I just take the initiative and save everyone the trouble of wondering? This is starting to feel like the last part of my life. Treading Water",1,,,,,,,SuicideWatch,0.0299
reddit_depression_suicidewatch_dataset_r2,unknown,"that is all i ask yet it still seems like too much I am at a loss for words (and everything else especially for will to live) I just really want to be dead, that is all there is to say",1,,,,,,,SuicideWatch,0.0296
reddit_depression_suicidewatch_dataset_r2,unknown,I am done. I have had enough of this crappy life and everything in it. I have had enough of people not caring. I have had enough of being alone. I do not want my life anymore. Goodbye,1,,,,,,,depression,0.0294
reddit_depression_suicidewatch_dataset_r2,unknown,everything goes too fast for me I never have time I just want things to stop for a while so I can decide whether I really want to live cannot do basic things,1,,,,,,,depression,0.0294
reddit_depression_suicidewatch_dataset_r2,unknown,Everyday is just a struggle to survive. Trying to find a reason to live. Sleeping is the only way I can be at peace.. what is the point,1,,,,,,,SuicideWatch,0.0293
reddit_depression_suicidewatch_dataset_r2,unknown,"Male 24, many ups and down throughout my life, always strong and pushing through.Last year was the roughest, I just cannot handle it anymore. I swear my heart now is beating so fast, I am anxious, I just feel terrible. I do not want to continue this life with this hole in my chest. Laying on bed my mind is exploding",1,,,,,,,SuicideWatch,0.0289
reddit_depression_suicidewatch_dataset_r2,unknown,I have naps every single day since I hate living in this hell. Id rather be asleep. My anxiety is severe and me and my ex broke up. All I want to do is sleep. All I do all day is worry I am dying or I will go blind and then I feel depressed and just want to be dead. I just want to sleep all day Naps,1,,,,,,,depression,0.0288
reddit_depression_suicidewatch_dataset_r2,unknown,**I just want to go away forever I cannot deal with life anymore** done with life,1,,,,,,,SuicideWatch,0.0286