text,true_label,true_class_name,tfidf_prediction,tfidf_class_name,tfidf_confidence,bert_prediction,bert_class_name,bert_confidence,tfidf_correct,bert_correct,models_agree
wouldnt it be so fucking hilarious if i jumped from a hundred story height and went splat on the ground and all my blood and guts went everywhere 😂 title,2,explicit_crisis,0,no_crisis,0.4770871630916396,0,no_crisis,0.9482888579368591,False,False,True
Am I cooked Does thinking about suicide make me suicidal?,2,explicit_crisis,2,explicit_crisis,0.8050046949334863,2,explicit_crisis,0.9959470629692078,True,True,True
I ruin everything I ruin everything I ruin everything I I hate my brain. Ive ruined everything. My stupid sack for shit brain wont hold onto any date or deadline. I just procrastinate and be sad and waste my life. I fucked up. I fucked up college. I fucked up my gpa. I fucked up opportunities that I can’t get back. I want to join an organization but to be part of it you need a certain gpa. Thought I had it. Didnt. I keep missing dates and deadlines. I need to get adhd meds but even when i do its too late the damage is done. Why am i here. I am the cause of my own suffering. I dont want to be here anymore. ,1,implicit_crisis,1,implicit_crisis,0.5465684106852157,1,implicit_crisis,0.9948582649230957,True,True,True
Im not suciald i just dkwhere to go for help IM 15 qnd i have had been pregnant and had a child and shes about 3 months old recrntly i have found oit i have another child and i dontknow how to tell anyone or what to do pls somonw help me i beg ,0,no_crisis,0,no_crisis,0.5976881803783609,0,no_crisis,0.9928905963897705,True,True,True
i’m going to hang myself later  I'm going to try with a belt when everyone goes to sleep. I'm a bit scared because i believe in God and suicide isn't a good thing but even if i live i will end up in hell so it doesn’t matter ,2,explicit_crisis,2,explicit_crisis,0.7251771352926293,2,explicit_crisis,0.9967515468597412,True,True,True
"Wanting to hurt people I have no idea if this is the right place to put this but i’ve been battling depression the past 3 years and i’ve had ups and downs but nothing compares to how horrible I feel right now. That isn’t really anything new but the past few weeks I constantly think about hurting other people, whether it be killing them or something else. I don’t know where to go from here because the thoughts gets worse everyday and I don’t get anything done nowadays, I just cycle between thinking about killing someone or myself. Please recommend something that isn’t therapy or something like that because I don’t have the money for that at all",2,explicit_crisis,2,explicit_crisis,0.5951176404053364,2,explicit_crisis,0.9942626357078552,True,True,True
hello [kekma.net](http://kekma.net),0,no_crisis,0,no_crisis,0.6908547713019128,0,no_crisis,0.9959326386451721,True,True,True
No one would shame me  My life is at the point where I don’t think anyone would blame me for killing myself. I’m so exhausted. This is so hard. I’m so tired. I’ve had a mental health professional tell me years ago “I wouldn’t have made it if I were you” and now there’s more horrible shit that’s happened on top of all that other shit. And I’m supposed to keep chugging along. Anyone want to talk hmu,2,explicit_crisis,2,explicit_crisis,0.4453274839607476,2,explicit_crisis,0.9839226603507996,True,True,True
I'm currently coping with these thoughts Why did I not kill myself already? Do I wanna live? No. Do I care that others will be sad (they will mostly forget me) ? No. I am just a piece of trash that nobody wants. Today I got called ugly. We had a class photo and I was the ugliest shit among them. I always think like this. I have to kill myself for my own goodness. Please guys understand me. My therapists lie that they will help me. They don't. They just make me use some pills which don't even work. I use my pills regularly but I am getting worser each day actually. I don't use drugs or alcohol. I don't smoke either. ,2,explicit_crisis,2,explicit_crisis,0.7373765817849721,2,explicit_crisis,0.996465802192688,True,True,True
"childhood abuse suicidal > first i lack any kind of desires now
> previously in last 3 years i peaked to suicidal 
> i am hardworking and not motivated through desires
> whenever i remembers my childhood abuse
> the suicide thoughts hits me hard
> specially when my parents denies those
> it still hunts me how they made up reasons to beat me ",2,explicit_crisis,2,explicit_crisis,0.520831122484769,2,explicit_crisis,0.9904192090034485,True,True,True
Im here. I am here. Just reach out... you know who you are. I am here. its 252 am eastern. Regardless of what you're dealing with. This is not the way. I am here. Let me talk to you.,0,no_crisis,0,no_crisis,0.6903919754948593,0,no_crisis,0.9967881441116333,True,True,True
I feel like killing my self  It’s really a hard time time. Life is not been good since last year when I lost my source of income I have failed to provide for myself and the little children I care for,2,explicit_crisis,2,explicit_crisis,0.5100514556562961,2,explicit_crisis,0.9954953193664551,True,True,True
"After Christmas. So the day after tomorrow, I'm planning on ending it all. I'm so tired and exhausted, I can't.    I'm ending it after Christmas, because I want this to be my last Christmas ever. Wish me luck.",2,explicit_crisis,2,explicit_crisis,0.5549299764776974,2,explicit_crisis,0.9964970946311951,True,True,True
"Never understood  I am Rude and I feel guilty.

I guess I can't be talked to or something ",0,no_crisis,0,no_crisis,0.525066154259124,0,no_crisis,0.9962455630302429,True,True,True
i’m high and i hate myself y,0,no_crisis,2,explicit_crisis,0.6114619469408558,0,no_crisis,0.9261614084243774,False,True,False
Don't know I am mental issues from past 3 years. I am feeling lonely. Even the law is biased.Even family won't help. Having trust issues on everyone. Also visited psychiatrists and psychologist but no use. Attempted suicide twice. Jobless. I want to work but having difficulty managing anger and panic attacks. ,2,explicit_crisis,2,explicit_crisis,0.5254811421531409,0,no_crisis,0.7763800621032715,True,False,False
"i lost everyone one of my best friends (or someone who i thought was my best friend) made a rumor that i had slept with my other best friends ex, and my other best friend confronted me and said she was gonna beat my ass, ig that cleared up tho bc it was a ""miscommunication"" but now my friend who made the rumor said ""ur just annoying, ur always trying to invite urself and hangout, and ur an addict and u just irk me"" when i asked her what i did wrong. i havent felt this suicidal in about 3 years and honestly im ready to just give up",2,explicit_crisis,2,explicit_crisis,0.5338451786021731,2,explicit_crisis,0.9956071972846985,True,True,True
"My life is ok  M23 My life is rather ok, I have house and food . My own. But still can't stop imagining cutting my own wrists. I don't understand why, i don't have much social life , very few friends, no gf, is that the reason? Any time I see a beautiful girl i imagine it (low self esteem?)
This whole day I have had the same thought even though I talked to a girl and she was actually sweet. I just don't know why I love isekai or death so much.",2,explicit_crisis,2,explicit_crisis,0.48825239382213237,2,explicit_crisis,0.9949156045913696,True,True,True
"Happy holidays  Not really related to suicide but I know we are all hurting and reading all of your post brought me to tears and I just wanted u guys to know that people share ur pain. I have no idea what ur going through or why you are in that place but have hope, even if you think you can’t go lower if ima be honest there is always lower than the bottom but there is also so much just to live for just a little higher up, you just gotta have hope.",0,no_crisis,0,no_crisis,0.5383999257743456,0,no_crisis,0.9904616475105286,True,True,True
I feel hopeless Im feeling extremely hopeless with my adhd and other mental illnesses being ignored.  I feel like nobody cares. This is the 3rd time this month I've wanted to off myself.,2,explicit_crisis,2,explicit_crisis,0.3440591670550447,2,explicit_crisis,0.9933897256851196,True,True,True
"Can someone talk to me? I'm currently scared for when school starts since it's really stresses me out. I thought I did good in the first semester but I'm not sure if I will get the awards that I hope to achieve. My mental health doesn't do good when I have the pressure and stress from having to achieve/maintain a 4.0 gpa. For example during September,October, November and December I felt really stressed out and depressed and my blood pressure got high.",0,no_crisis,0,no_crisis,0.4800068054794049,0,no_crisis,0.9928991794586182,True,True,True
"Nothing left  I want to make it easy on my family so I’m finishing this semester and getting next semesters grants. Instead of spending the grants on school I’m going to spend them getting a moving company to help pack up and donate my things, to rehome my pets and get them transported, and to take a trip back to my home town where my grandfather has already paid for my grave. 

The tentative date for my leave is January 30th. 
 
To anyone else who is planning. What else did you consider?

Thanks ",2,explicit_crisis,2,explicit_crisis,0.40475654885200973,2,explicit_crisis,0.9889335632324219,True,True,True
"Suicidal Hello.

Been suicidal lately. New high pressure extreamly stressful job combinded with small baby and wife to support.

Struggle to sleep through the night. Constantly afraid and crying from the stress and pressure. I cannot do this anymore. Been googling suicide methods and today visited store for rope. Help.

Dont want to live on this planet anymore. I have done nothing wrong my entire life and only been working hard to reach my ""goals"", but the reward is wanting to kill myself daily?

What do I live for? If i quit my job the shame will be unbearable. I cannot function or be a good father in this state.",2,explicit_crisis,2,explicit_crisis,0.49384296660500093,2,explicit_crisis,0.996099591255188,True,True,True
Why didn’t it fucking work Hey guys uh…Yeah I just tried to hang myself lmfao.. I used this hook that’s drilled into my wall and a shoelace. i made a homemade noose and when i like fucking y’know (i didn’t jump i like slid down so i had the same effect because that hook is low) i could breathe a little and i waited there for like 2 or 3 minutes and gave up. i’m laying in bed wondering if i should telk any of my real life friends. is this even an attempt? i thought about it all last night until like 1am when i fell asleep,2,explicit_crisis,2,explicit_crisis,0.7334490186033931,2,explicit_crisis,0.9970351457595825,True,True,True
"Should i kill myself? I'm sorry, don't comment.",2,explicit_crisis,2,explicit_crisis,0.7609796396400976,2,explicit_crisis,0.9955562949180603,True,True,True
"I've set a date I've planned for Friday. I know how to do it so it's just about whether I can finally go through with it.

Everything in my life has been going wrong for years. I keep telling myself it'll get better but it never does. I was up all last night crying because it hurts so much. There's only one way to make the pain go away ",2,explicit_crisis,2,explicit_crisis,0.631173321226512,2,explicit_crisis,0.994175374507904,True,True,True
Most People Are Trash Keep your head up if you can. Just understand that most people are trash and they literally take pleasure in putting you down and crushing your spirit. Don’t let them. Wash your hands of them and wish them well on their road to Hell. Here if you want to talk :),0,no_crisis,0,no_crisis,0.7341212297975167,0,no_crisis,0.9968948364257812,True,True,True
"my friend tried to end his life and left things for me, should i keep them? my friend and housemate tried to end his life, i wont go into details because it’s not important but luckily we got him to a hospital as fast as possible and is currently spending the night there. i went through his room because i thought he would enjoy coming home to a tidy room… and saw he left things for all housemate (we’re all good friends) and one for me… part of me wants to keep it because i feel he wouldnt enjoy seeing the things he thought was leaving behind… but i would also feel guilty about keeping it? idk what to do.. i’m so overwhelmed by this",0,no_crisis,2,explicit_crisis,0.4568290514082027,0,no_crisis,0.979852020740509,False,True,False
"I always come back to these dark thoughts. I just want peace I truly feel that death is the only way we’ll ever reach peace. No matter how much I seem to improve I always have a dark voice telling me life is pointless, I’ll always be depressed no matter how much therapy I seek out, how much I work on myself. My brain just resorts to darkness. I’m tired of it. I just don’t want to live. I want peace. I have nothing going for me professionally. I have an entire degree that I can’t seem to use. I’ve disappointed every single person that ever loved me. I feel like such a loser. I don’t see a purpose to life ",2,explicit_crisis,1,implicit_crisis,0.6618446135827558,1,implicit_crisis,0.9968630075454712,False,False,True
Regret For those that survived - do you regret not having left a letter?,0,no_crisis,0,no_crisis,0.6973031890860226,0,no_crisis,0.9769613146781921,True,True,True
"It's either suicide or the rest of my natural life in prison (no in between) I (28M) have  broken quite a bit of laws, most of them minor, but a few major nonos that would probably get you severely beaten up in prison, if not killed anyway. Also, I might also do time in federal prison apart from state prison.


So for me, it's live free or die. And guess I'll die.",2,explicit_crisis,2,explicit_crisis,0.3885207375992165,2,explicit_crisis,0.9949588179588318,True,True,True
"just that I can't do it anymore . Idk how to express my feelings ,but I know it feels like shit . I never been happy even if everything is ok I'm not , I want to rest to not feel pain in my heart everyday nor scared I just want peace,",1,implicit_crisis,1,implicit_crisis,0.8166142450789684,1,implicit_crisis,0.9966548681259155,True,True,True
"Goodbye Gonna lie my head down on train-tracks soon.

Thanks for everything, sorry

Bye.",2,explicit_crisis,2,explicit_crisis,0.4580522094474775,2,explicit_crisis,0.7945430278778076,True,True,True
"Just want some guidance  Why do I feel depressed and suicidal when I have nothing actually wrong, or When things are actually finally looking up 

Why am I just so miserable and lonely when I'm surrounded by some of my closest friends 

I honestly just don't know what's wrong with me at this point any guidance would be muchly appreciate ",1,implicit_crisis,2,explicit_crisis,0.5041357555871874,2,explicit_crisis,0.9507541060447693,False,False,True
"My friend OD on alprazolam, will she be okay? Hi, as you can see from the title, my friend OD herself on alprazolam

She took 32 0.5 mg alprazolam and I’m just really wondering what are the side effects on that? I just received a call that she OD herself and as of now, they already called an ambulance but will she be okay? I’m sorry for asking this here, I want to know more about it. I’m worried especially that I can’t visit here cos I’m currently in another country right now.",0,no_crisis,2,explicit_crisis,0.5249557928298632,0,no_crisis,0.7264279723167419,False,True,False
"Feeling pretty fucking terrible. Also fuck Borderline Naive me hoped things would improve yet here I am, only getting more reasons to try again. People toying with my fucking feelings. I'm convinced people only bond with me to then drop me like a sack of brick with the sun's gravity because I'm so fucking sure people love seeing my pain. I'm sure they come together and laugh about it. I hate trusting people. I hate this pain. Fucked up childhood, adulthood can't be good either I guess. I just want to give it all up.",2,explicit_crisis,2,explicit_crisis,0.4171469701007424,2,explicit_crisis,0.8316385746002197,True,True,True
Contemplating Im really distressed and scared at the moment. I have one “friend” who recently has been encouraging me to commit and its severely triggered me. Today I relapsed after auditorial hallucinations told me to and now they are saying to me to commit suicide. I’ve swallowed 2 of the pills to overdose but couldn’t bring myself to take the rest. Im afraid of giving in and I am struggling to restrain myself from hurting anyone. I physically cannot bring myself to say to anyone. Please help me.,2,explicit_crisis,2,explicit_crisis,0.6157316546476103,2,explicit_crisis,0.9967349171638489,True,True,True
"Suicide on my birthday  These feelings are so overwhelming. I’ve already cut my arm extremely bad, it’s dripping. Give me something to latch onto, I don’t know how much longer I can hold on.",2,explicit_crisis,0,no_crisis,0.3867903561131338,2,explicit_crisis,0.9958285689353943,False,True,False
I think I almost killed myself In class the other day I almost cut my wrist with scissors but did it on my thumb first for whatever reason and it bled quite a bit so am I just overreacting or did I almost do it ,2,explicit_crisis,2,explicit_crisis,0.5804947918363651,2,explicit_crisis,0.9945411086082458,True,True,True
"merry christmas this will be my 17th christmas alone and I thought and it is equally as suffocating as the last. even if youre alone this season, im happy youre here, so merry christmas ",0,no_crisis,0,no_crisis,0.5282998757401708,0,no_crisis,0.9907379746437073,True,True,True
"I don't have any plans to live on after my 30s U may ask my specifically 30s right? Well it's enough for my siblings to complete graduation and they start there own life, it's all I have want in my life now. I'm currently 23, completed my graduation this year and only working parttime and not got full time yet. I m depressed since age of 10 and has social anxiety. I don't feel much emotions now, don't have any romantic feeling for anyone and even don't care about most of people. I just want my siblings to have better opportunities and better choices to make in life. I know i sound stupid but it's all truth. ",1,implicit_crisis,1,implicit_crisis,0.3523611932496278,1,implicit_crisis,0.6079339981079102,True,True,True
I'm so scared I don't want to die but I don't know how to deal with this pain. It's 11pm and I don't know if I should go to the hospital or an emergency clinic because I'm scared to be alone and I don't know what to do anymore. I want to go back to a clinic but it's too expensive and I don't know if our insurance will approve it again. If I kill myself tonight I won't ever get to talk to my parents again because if I called them they would know. I'm scared that if I make my friends take care of me they'll leave.,2,explicit_crisis,2,explicit_crisis,0.7768875728125294,2,explicit_crisis,0.9962253570556641,True,True,True
"Cut my wrists so I’m just waiting to die I got pissed because I’m 17 and can’t do shit everyone else can who is younger so I’m just gonna end it, but I doubt it since I always pussy out after a couple times",2,explicit_crisis,2,explicit_crisis,0.6744929455334325,2,explicit_crisis,0.9956876635551453,True,True,True
"Helium Suicide If I were to kill my self with helium, do I need a specific type of helium tank and is there any other things I need to do or consider",2,explicit_crisis,2,explicit_crisis,0.5425518243104664,2,explicit_crisis,0.9963266253471375,True,True,True
"This is it I guess Locked myself in the bathroom and decided to setup my goodbye device using a belt and tie. Since this is my first i hope it works.
In the meantime i got my wife and kids in the living room going on with their lives without a single clue on whats on my mind.
Good bye fucked up world. 
Hope we never meet again.",2,explicit_crisis,2,explicit_crisis,0.5315434868862906,2,explicit_crisis,0.9740363955497742,True,True,True
I don’t want to exist  I never want to feel this lonely during the holidays again. I never want to feel this lonely because of a partner or where I am in life. I just don’t see the point anymore. ,1,implicit_crisis,1,implicit_crisis,0.69006479504924,1,implicit_crisis,0.9967395663261414,True,True,True
Your best friend might be suicidal in secret today.  It costs nothing to be kind to others.,0,no_crisis,0,no_crisis,0.5457258573061635,0,no_crisis,0.9959267973899841,True,True,True
"she did it… hi this is june, i was the owner of this account’s sister, she took her own life on friday, her birthday. she really was a great person and sister, we were very close. she wanted to kill herself because her best friend did, and she was in pain due to sexual and physical abuse. she struggled with self harm and depression, but she tried her best to keep her spirits up. she was and still is the person that understood me best.",2,explicit_crisis,2,explicit_crisis,0.4269942395631119,0,no_crisis,0.987280011177063,True,False,False
"I’m genuinely not a good person I’m an alcoholic who behaves terribly when drunk (flirting with others even though I have a partner, being dismissive and rude to my friends, not giving a shit about anyone around me). My alcohol problems stem from trauma and trying to escape flashbacks but it’s not an excuse. I don’t feel as though I can ever rid myself of this addiction or the reputation I have created for myself. I really do think I’m beyond redemption and I am desperate to not feel this way anymore and now I feel like I want to sleep and never wake up.  ",1,implicit_crisis,1,implicit_crisis,0.5041221101429142,1,implicit_crisis,0.9954360127449036,True,True,True
"About to get engulfed by flames I’m standing in the middle of nowhere with only a lighter in hand and a full gas canister by my side. I’m not going to cause a wildfire—there’s nothing flammable around me except myself. I’m sorry, but there’s nothing I can do about it. I’ve gone too far. This is the end.

By the time you’re reading this, I’ll be gone. But I genuinely hope that things work out better for you than they did for me.

See you on the other side.",2,explicit_crisis,2,explicit_crisis,0.41961029433152297,0,no_crisis,0.6083543300628662,True,False,False
"Can't stand anhedonia Can't stand anhedonia. My whole body is numb, I can't eat, my head hurts.

I can't take it anymore. Don't know what I did that I suffer this condition. Can't even enjoy food because everything is tasteless 

What I have left?",1,implicit_crisis,1,implicit_crisis,0.4520531202223095,1,implicit_crisis,0.7023442983627319,True,True,True
"Life is not worth living  I have autism and it’s become apparent to me that
No matter what you do, no one is going to see you as normal. Ever. They’re going to see you as a freak who doesn’t understand how to act like a normal person. This includes the ones who say they are supportive of “neuro diversity” at any point in time they will immediately react negatively to any positive autistic trait you express in the slightest if you give them an opportunity. There is no one on earth who will ever accept these traits because autistics are genetic defects who can’t integrate properly with any remotely normal person ",1,implicit_crisis,0,no_crisis,0.5729137243096166,0,no_crisis,0.9915273785591125,False,False,True
I wanna know if thinking about suicide 24/7 is normal? Like I think about it all the time every day every night and I’m 16 so I’m wondering if that’s just a part of growing up or something’s actually wrong with me ,2,explicit_crisis,2,explicit_crisis,0.7602901423018029,2,explicit_crisis,0.9958311915397644,True,True,True
"helpless (15f, if it matters)

i feel so pathetic for even making a post. i dont know what to do, i have nobody to talk to. all my issues are superficial compared to what others are going through, so why i do feel this way? ",0,no_crisis,0,no_crisis,0.6325835650832958,0,no_crisis,0.5599314570426941,True,True,True
"Give Me a Reason Give me a reason to live, I'll tell you why it's personally not my reason. Give me a reason to not live, and I'll tell you whether I agree or not.",1,implicit_crisis,1,implicit_crisis,0.4964848557326805,1,implicit_crisis,0.9299482107162476,True,True,True
"Would anyone miss me  Would my friends, family, cousins, my crush, even my pets (dogs, cats and a horse and parrot) miss me if I kms? 
I feel like I've done nothing but cause a burden to all my friends and family. Nobody truly sees me ot seems even among my own family and friends I feel like an outcast. My friends and crush are too busy with their lives, my cousins and family are busy too and I feel like nothing but a burden to them. 

Would anyone of my loved ones (family, friend, lover and animals) miss me or care that I'll be gone",2,explicit_crisis,2,explicit_crisis,0.38968993673324515,1,implicit_crisis,0.9918904304504395,True,False,False
"I’m sorry for bothering you  I want to kill myself, and I hate myself. I just want affirmation that I have reason for being on this world, and yes I understand that it sounds like I seek attention. I really don’t like where or who I am, and just want someone telling me to live besides immediate family or friends. Sometimes I feel like they’re just saying that to be nice. ",2,explicit_crisis,1,implicit_crisis,0.48410961626223253,2,explicit_crisis,0.996391236782074,False,True,False
“Oh thats why your depressed?” “Thats nothing” “i had way worse problems” Holy shit,0,no_crisis,0,no_crisis,0.6941565808980671,0,no_crisis,0.9882036447525024,True,True,True
Can i find someone to talk to in here?  Im feeling a bit desperate to talk someone right now. I hope there's some here are offer to help,0,no_crisis,0,no_crisis,0.8950219589690246,0,no_crisis,0.9972609281539917,True,True,True
"Any help that actually works? I contacted shout and it left me feeling more helpless. The listener acknowledged the issue but went straight to talking about plans instead of the actual situation and then the chat ends?

I reached out to talk through the situation. I guess it is what it is, I hate how alone I am especially when struggling with suicidal thoughts.

I was so happy a week ago and now i feel like empty and questioning life.",2,explicit_crisis,0,no_crisis,0.5182261383793183,2,explicit_crisis,0.8794533014297485,False,True,False
Movie What is a depressing movie that you watch and it makes you happy? My vote is Leaving Las Vegas. It’s so relatable and I don’t drink.,0,no_crisis,0,no_crisis,0.5684092297838145,2,explicit_crisis,0.6658806800842285,True,False,False
"I need death I (45m) have no hope of ever being happy again.  I know I will be depressed for the rest of my life.  I’m stuck at my parents house with no way out.  And, if by some miracle I start getting happy again, I will most likely have another psychotic episode and end up in a mental institution.  I don’t have a plan, but I know how I would do it.  Have posted plenty here before.  I need help.",2,explicit_crisis,2,explicit_crisis,0.41640970856532283,2,explicit_crisis,0.9966259002685547,True,True,True
"Suicidal over chronic illness Hi there,

I have been chronically ill and out of work for a while now. It's been a struggle. I have spent thousands of dollars on treatment and not anywhere near recovery.

All I do all day long is lay in bed and watch cartoons, because my attention span is so bad from the brain fog from my illness that I can't focus on anything else.

Wanted some support here to see if anyone else has these kinds of thoughts while dealing with a chronic disease? Or just support in general. Really down about this and think about suicide all day every day.",2,explicit_crisis,2,explicit_crisis,0.43851865109940397,2,explicit_crisis,0.9966180920600891,True,True,True
I couldnt take meds and now im having a panic attack help I got sick and kept vomiting yesterday so I couldnt take my anxiety meds at night and now I woke up super stressed. I already have health anxiety and hate vomiting so its really hard for me. Im scared to take meds bc i dont want to feel sick again. It has been 7 hours since i last felt nauseus,0,no_crisis,2,explicit_crisis,0.45236495784344966,0,no_crisis,0.5355452299118042,False,True,False
"I was hospitalized I've been going though a lot of stress lately, including anxiety, depression, and panic attacks. I recently had a bad break due to taking way too much THC gummies and I tried to commit. I didn't go to the hospital because it was Christmas. 

I thought I was doing better and decided to go to my friends party and I felt like such a fucking loser. No one cared when I spoke, I knew no one there except for said friend. I tried making friends and I feel humiliated. This led me to spiral and now I'm in a hospital gown. So fucking fun.",2,explicit_crisis,2,explicit_crisis,0.5023098988340526,2,explicit_crisis,0.9705328941345215,True,True,True
3 failed attempts in 2 days Needless to say or go into detail. I'm exhausted. I'm so tired. I want to go home but home doesn't exist anymore. I've pushed everyone away from me in the hopes that they'd maybe get it. I just wanna give up. Most of my family is gone. And I swore I'd never leave. But I miss home..,2,explicit_crisis,1,implicit_crisis,0.5094752775737792,1,implicit_crisis,0.8281548023223877,False,False,True
"I feel trapped I've tried everything in life: a job in a company; a university career; currently, I work in a school as a teacher. It all sucked: currently I'm in a total crisis, one step away from giving up everything, but I don't have the strength to start doing anything else again. I'm alone, and I almost always have been, and the more depressed I get, the less likely it is that I'll be able to start a relationship. I go to a psychologist and a psychiatrist, but it's not working. I can't talk about it with my parents, I talk with some friends about it, but it doesn't help very much.",1,implicit_crisis,2,explicit_crisis,0.41312499846761835,2,explicit_crisis,0.7863263487815857,False,False,True
"I don't know what to do anymore, I just feel empty and hopeless I feel alone while I'm not really alone, I feel humiliated while no one humiliates me, I'm getting sick of this world day by day, even though this world hasn't really been bad for me. I got into this boring cycle, a cycle that may be normal and not that terrible, but it's definitely boring because there's nothing special about it except for the absurdity and emptiness.

Pray for me so that I can escape from this cycle, whether the way to escape is life or death.",1,implicit_crisis,1,implicit_crisis,0.49760660928232514,1,implicit_crisis,0.9964578747749329,True,True,True
ic ant handle being an adult  i quit I cant do it. Its too hard. Classes are ahrd and theyre ginna be harder. EVerythings expensive. I cant do this I cant take care of myself abd my roorms a mess and i dont know how to do ANything at colegee and i feel dum. I cant do this im sorry,0,no_crisis,1,implicit_crisis,0.3931533236857209,2,explicit_crisis,0.7470072507858276,False,False,False
"Think I might be gone soon I'm tired and it's all downhill from here so oh well. I've been doing a lot of research and so far helium inhalation seems like my best option. Carbon monoxide sounds good too but I'm not sure how I'd go through with that and I already have a plan for the helium

I know it's what's best for me, I just gotta work up the courage

Please don't try to dissuade me or tell me that ""it gets better"" no it doesn't. I'm not looking for that, I just wanted to share I found a way out I'm comfortable with",2,explicit_crisis,2,explicit_crisis,0.5222965301576359,2,explicit_crisis,0.988382875919342,True,True,True
"Suicidal thoughts  Suicidal ideation has plagued my mind due to a rapid decline in my life. Lost my girl, lost my job(80k), lost our apartment, lost seeing my kids daily(have them 3 days a week), crippling weed addiction (needs to be daily at least once), on top of blowing 60k on bullshit(nothing to show for it).       I recently started taking gear which is throwing my hormones way off. I don't know if it's the gear talking or me wanting to address it finally. Either death or go to rehab. 

26 y/o pnw ",2,explicit_crisis,2,explicit_crisis,0.5915088786026415,2,explicit_crisis,0.9966318011283875,True,True,True
"I hate being autistic SO FUCKING MUCH I'm a 21 year old adult man... but mentally I'm still a child. I can't control my impulses at all, and it feels like my brain just can't slow down. I have autism, ADHD, and BPD. This horrible combination means I'm a nightmare to be around. Having autism and absolutely 0 impulse control whatsoever... it's the worst thing in the entire world. I wish I was never born, I make my entire family's life so much worse.",1,implicit_crisis,0,no_crisis,0.40894398650076785,0,no_crisis,0.9028354287147522,False,False,True
Is slitting your wrists painful Is the blood draining painful? ,2,explicit_crisis,0,no_crisis,0.46897049833897725,0,no_crisis,0.9921591281890869,False,False,True
"Getting told to k!ll yourself multiple times through your many years of life doesn't mean you should. If they tell you with words, videos, forums, or ",0,no_crisis,0,no_crisis,0.6858155015043754,0,no_crisis,0.9967883825302124,True,True,True
"i plan on doing it tonight. got hundreds of pills from my grandmothers stash wrote my letter. gonna wash everything down with alcohol. i have no fight in me left. I'll never be successful, own a home, have children or a wife. or just have some type of stability. Im too mentally ill. im 25 and feel like i have no value to offer this world. i dont even want to die, i just feel like i have to. Im also a music artist and i go by ""sadboisurge"" across all platforms everything produced by me. if anyone cares. probably my only accomplishment. But in the grand scheme of things im just a statistic, who overstayed his welcome.",2,explicit_crisis,2,explicit_crisis,0.5340473990721432,2,explicit_crisis,0.9965575933456421,True,True,True
I'm gonna do it onfg Idc if I'm a kid I am gonna do it I'm so sick and tired of being treated like shit everyday I'm so tired of being bad at everything I am useless I can't do shit I'm ugly I'm weird ,2,explicit_crisis,1,implicit_crisis,0.49808106550526154,2,explicit_crisis,0.9931157231330872,False,True,False
Attempt?? i took 8 500 mg paracetamol pills. do u guys think ill survive now 😹 (hope i wake up dead pls anyone above me do it),2,explicit_crisis,2,explicit_crisis,0.7007047439610387,2,explicit_crisis,0.9957455992698669,True,True,True
"Should I kill myself Nobody really gaf about me and shit so yea

Idk even what else to say tbh I just got nobody to talk to

I'm realizing you might think that I'm a 15 yo who had a bad day or something but that's not the case",2,explicit_crisis,0,no_crisis,0.44252129750439306,2,explicit_crisis,0.996797502040863,False,True,False
"This is a crisis 25 years and still no meaningful relationship
I had a short one with narcissistic abuser and it ended 2 years ago, still feel consequences 
I thought that living in Tokyo would change this endless loneliness, but no
Fucking hate that others have no problems in getting into this and I just can't.
None really tries to approach me, it's just 0 reaction from anyone despite my best efforts
So disgusting 
I feel like stopping it forever and not to try to approach anyone ",0,no_crisis,2,explicit_crisis,0.36466502760831604,1,implicit_crisis,0.9077340364456177,False,False,False
I'm just tired I'm really thinking about it. Is there anyone I can talk to I've never been here before. Life is just getting too much for me,1,implicit_crisis,1,implicit_crisis,0.4167608646603507,2,explicit_crisis,0.7150975465774536,True,False,False
"Terrified and Running Out Of Time  Long story short, I have absolutely nothing going for me in my life. No meaningful friendships, my health is only getting worse, and my family life is non existent. I can't even seem to secure a job for myself which is likely the core of my troubles. 

I stole several thousand dollars from my father and I have no idea how I'm gonna pay him back and I'm scared of how he's going to react. I find the idea of killing myself to avoid the consequences increasingly tempting ",2,explicit_crisis,2,explicit_crisis,0.5922901050394437,2,explicit_crisis,0.9967909455299377,True,True,True
"psychosis  i feel like i'm in a state of psychosis and i don't know what to do. i have a psych appt soon so i can bring it up then, but i genuinely feel like i'm going insane. i'm seeing things, making stuff up, avoiding everything, sleeping horribly, clinging to substances, and trying so very hard not to cut myself. i feel like everyone hates me and everyone stares at me. i feel like they all are out to get me. i feel like one of my roommates is an fbi agent and is out to get me (i have nothing criminally against me). i just want to be gone. nothing really matters. help ",2,explicit_crisis,1,implicit_crisis,0.39699563826124085,1,implicit_crisis,0.6233677864074707,False,False,True
Someone please just talk to me Please,0,no_crisis,0,no_crisis,0.9280698612753208,0,no_crisis,0.9974955916404724,True,True,True
"Please help I can't do this anymore My partner left me and I'm devastated. I have this crushing sadness and I'm so tired of feeling this way. 

It hasn't been that long but it doesn't get better. If anything, every day it gets worse. 

I can't eat, i can't sleep, i can't shower,  i can't get out of bed. I've been missing work and I'm afraid I'll get fired. My life is falling apart. What do I do? I don't have friends or family to rely on. I want to give up.",1,implicit_crisis,1,implicit_crisis,0.5455653184832858,1,implicit_crisis,0.9840980172157288,True,True,True
I want to die  I'm 14 and I have a curse that anything I love dies my favorite dogs got hit by a car and my cat ate insulation and died in my hands as I was trying to get him to the vet. I don't even have one fucking thing to remember all my lost pets by. I'm failing school nobody likes me I'm done I CANT TAKE IT ANYMORE. 😔,1,implicit_crisis,2,explicit_crisis,0.40078660395832616,2,explicit_crisis,0.8409613370895386,False,False,True
i need someone to talk to title,0,no_crisis,0,no_crisis,0.9093449670519212,0,no_crisis,0.9970418810844421,True,True,True
"I don't need to be hear. I'm going to live and thrive! Today I talk to my dad and for the first time in a very long time I feel great.

We're both alcoholics and he told me everything I needed to hear. I'm realizing that I'm my father's daughter, he got out of alcoholism, and so can I!",0,no_crisis,0,no_crisis,0.44114289696565034,1,implicit_crisis,0.8265842795372009,True,False,False
"HELP(DM PLS)  I need someone to talk to desperately 

",0,no_crisis,0,no_crisis,0.9297689360360563,0,no_crisis,0.9973672032356262,True,True,True
"Gonna end it soon I'm so depressed from 1 year haven't left my home my acne ruined my life I feel like shit all the time I wish I didn't had acne wanted to be a normal fucking person I'm so fucking insecure I think about suicide every day. People my age 
(M20) are having relationships and enjoying life while I just rot in my home. Can't even look at a girl cause I think I will scare them. Why god did this to me. ",2,explicit_crisis,2,explicit_crisis,0.7025463960398328,2,explicit_crisis,0.9966963529586792,True,True,True
"Hey Hey, anyone in Chicago that is also suicidal just like me who wants to hang out? ",0,no_crisis,2,explicit_crisis,0.48911350357484273,0,no_crisis,0.9913821816444397,False,True,False
"Attempted last night I had been having thought for the past couple of days but yesterday I felt so alone and like I'm always the bad guy. I was in the shower and just kept thinking about how everyone is better off without me and my life will be nothing and tried to drown myself using the shower head, when I got out I laid in bed and was so weak didn't have hardly any energy and today I still feel so tired ",2,explicit_crisis,2,explicit_crisis,0.7988952774006002,2,explicit_crisis,0.9850555658340454,True,True,True
"i might kms tn. you read that right. im tired. tired of acting like im fine and that nothing bothers me. everything bothers me. i've already written my notes, and i feel so selfish. im just leaving my mom, baby sister (she's 7 months old), brother, friend, and boyfriend just because i've only gotten worse since it started (11-14). i want someone, ANYONE, to try to talk me out of it. i just want this to be over",2,explicit_crisis,2,explicit_crisis,0.42559251407638377,1,implicit_crisis,0.969092607498169,True,False,False
i want to go to sleep and not wake up  my grandfather doesn't remember me since i've transitioned i don't know what to do i haven't felt this bad in so long. ,1,implicit_crisis,1,implicit_crisis,0.44810130251304925,1,implicit_crisis,0.9413403868675232,True,True,True
"Mental health. Ive been struggling with mental health for a long time now and dont know what to do. Ive resorted to self harm and wanna commit suicide. I dont eat i get barely any sleep and im scared to tell anyone because last time i did i got called ""lazy"" and ""selfish"".",2,explicit_crisis,2,explicit_crisis,0.5142231071844185,2,explicit_crisis,0.9959965944290161,True,True,True
Iam gonna do it tomorrow  Finally I have decided to hang myself tomorrow. Just do it. I will take alcohol and hang myself tomorrow when nobody will be at home. I love you all,2,explicit_crisis,2,explicit_crisis,0.631485180267217,2,explicit_crisis,0.9970242381095886,True,True,True
I'm not strong enough I can't do this anymore negative emotions hit be hard and I go into bad ways of coping I honestly don't know how long I'm going to hold for and at this point I just don't want to feel anymore this hurts this hurts so much I just can't anymore,1,implicit_crisis,1,implicit_crisis,0.4939967154762358,1,implicit_crisis,0.9747892022132874,True,True,True
"Struggling It's Christmas, I'm so filled with anxiety and depression and I am just so tired of people being awful to each other. Honestly, I am just so tired. Why is life so damned long. ",0,no_crisis,1,implicit_crisis,0.5403762414023384,1,implicit_crisis,0.9744201898574829,False,False,True
"What pushed you to this point? I am curious to know how many people here are feeling they are pushed to the edge of tehy have financial struggles and feel hopeless?

I am asking because I have been there done that and I may have a way to really help people. Im in the exploring stage but I wanted to first see if this is something I should be spending my time on.",0,no_crisis,0,no_crisis,0.5574459519111954,0,no_crisis,0.9970224499702454,True,True,True
"A death in the family  A close family member committed suicide yesterday, his 10 year old daughter found him. Why am I so angry that he did this?",0,no_crisis,2,explicit_crisis,0.6430584753694663,0,no_crisis,0.9795810580253601,False,True,False
"Failed attempt, ready to try again.  T",2,explicit_crisis,2,explicit_crisis,0.5198098840500116,0,no_crisis,0.5784679055213928,True,False,False
"I hate living on this godforsaken planet anymore (19M) Whats even the point of living anymore, Everything fucking thing is revolved around money, status or some other crap that I don't even want to think about, And no all of the so called ""friends"" I have don't even give a single crap about me and my parents ""pretending"" also to care about me and always lying to my face. So peace.",0,no_crisis,1,implicit_crisis,0.46058767530927486,1,implicit_crisis,0.9939925074577332,False,False,True
"I dont want to be here I don't have the motivation to do anything or even my hobbies anymore. I only get up to do any task or chore my family makes me do. Today i relapsed after not sh for about 2 weeks, which isnt even a long time. Im so pathetic. My mom told me to wash the dished and i went to my room to bang my head against the floor. Why did i do that? Why am i acting this way? I hate it so much i just want to be gone. I hate that im here, but im only here because i know theres people who need me",1,implicit_crisis,1,implicit_crisis,0.4705698877041162,1,implicit_crisis,0.9945177435874939,True,True,True
"I just want the pain to stop I'm not sure if this is the right place to post this, but I don't know where else to go. I just want to die. I'd rather be dead than live the life I do now. I want to kill myself just to make the pain of living stop. I don't even have anyone to mourn me, no friends, no family, no one. I might just do it to make the pain stop. ",2,explicit_crisis,2,explicit_crisis,0.6363222102223483,2,explicit_crisis,0.9963678121566772,True,True,True
"I don't know how to hold on I don't want to exist anymore. My dog is dying. My best friend said that he needed space a month ago and he hasn't talked to me since then. Yesterday I texted him about my dog's situation. He hasn't replied. This last month has been really rough for me without him, I started w a new therapist but nothing seems to help. Yesterday my parents told me the reality of my dogs situation. My dog is everything to me, and I can't be without her. I don't want to wake up tomorrow, I can't keep doing this.",1,implicit_crisis,2,explicit_crisis,0.4250064152682286,1,implicit_crisis,0.9955534338951111,False,True,False
"Weird Question Not sure if this is the right subreddit for this but probably around a year ago I tried to kill myself, not much else to it besides I'm much better now and am not suicidal neither am I depressed, but I'm writing a biography currently and I want to touch base on that part of my life a bit although I'm finding it hard to think back to that time, it's almost like I can't remember it but I know it's there (I can remember snippets almost) and have like a uncomfortable feeling when thinking about it.

It's hard to explain but I tried my best, does anyone know what this is from or is it just something that happens
Thank you in advance ",0,no_crisis,2,explicit_crisis,0.6735425614801203,2,explicit_crisis,0.9834676384925842,False,False,True
"I want to live but my brain has a huge hatred against me. Cmon man i have so much to live for but NOOOOOOOOOOOOOOOO mmy ppiece of shit brain has to be on crak, and also ""political situation"" what is wrong wi u people for calling iit that",0,no_crisis,0,no_crisis,0.4643389819722401,0,no_crisis,0.8632429838180542,True,True,True
"Hilarious I just tried suicide by cops, called them by myself, following my script. You know, I'm a very good voice actor. Knives are ready, etc., but they don't want to come. I called them twice, and they still don't want to come. What a joke. I will burn myself with gasoline instead.",2,explicit_crisis,2,explicit_crisis,0.7457701025301843,2,explicit_crisis,0.9964563250541687,True,True,True
"I'm sorry everyone I'm 17 and I'm traumatized. I got sexually abused, mentally, physically my whole childhood. I am deeply sorry. I need to go man I can't keep living like this. It's sad to see everyone here post their endings I guess mine too. I have the courage to do it but only my friends and family and the thought of me being dead in their lives and their grief holds me back. I guess not anymore. I'm sorry everyone, see you on the other side. God bless you",2,explicit_crisis,0,no_crisis,0.3436108916676234,2,explicit_crisis,0.9891545176506042,False,True,False
"I told my mom i am suicidal she said ""let's die together""  Am I cooked",2,explicit_crisis,2,explicit_crisis,0.5344162023573404,2,explicit_crisis,0.995157778263092,True,True,True
"Losing everything soon I got fired from my last job now it's been 2 months and no one seems to want to hire me. I live alone, I have no one to rely on. The 1st is coming up and I have way of paying rent so I'll be losing my place. I have nothing I'm losing my mind I want to just end it all!",2,explicit_crisis,1,implicit_crisis,0.5308621962088543,2,explicit_crisis,0.9964159727096558,False,True,False
First time in a long time  I haven't felt like ending it for a long time. But tonight I really feel like it. ,2,explicit_crisis,2,explicit_crisis,0.42702286231056075,2,explicit_crisis,0.9964290261268616,True,True,True
"can someone just be my friend?  I just am so lonely, i just want a friend to talk too about my day and everything, i'm 25 (Male) like a various amounts of sports and music, and i just want to be feel useful for once in my life ",0,no_crisis,1,implicit_crisis,0.4347706087616918,1,implicit_crisis,0.7236340641975403,False,False,True
"Idk anymore :/ I REALLY want to kms, and get it over with, but I can't. For some reason. I'm so done with life. I have multiple plans, but just can't do it. People with probably care, maybe that's why?? I'm only 12, i attempted like, 3 days ago, but it failed (it was a unreliable way anyway). Can someone just kill me plzzzz 🫠",2,explicit_crisis,2,explicit_crisis,0.6106235100916032,2,explicit_crisis,0.9950764775276184,True,True,True
How long would it take to construct a suicide kit? Suicide by sodium nitrite?,2,explicit_crisis,2,explicit_crisis,0.6692846366020544,2,explicit_crisis,0.9901508092880249,True,True,True
"I need help (not super urgent)  I got found stealing from a shop and instead of  stopping me when I left they posted it on socials. What can I do to get it down I can lose my place at my school and I can't have my parents find out about it if they do I will probably be kicked out again I would go back and give them the money for it but I have no money at the moment 
",0,no_crisis,2,explicit_crisis,0.49885358780001143,0,no_crisis,0.7217470407485962,False,True,False
"No energy to get out of a rut Why do I have no energy, or feel awful when I try and change things around. I know I need to get in the gym and work on other things, but all I want to do is nothing. 

I just don't know how to get out of a rut. Am I depressed? I don't know ",0,no_crisis,1,implicit_crisis,0.4669180789168723,1,implicit_crisis,0.8823695778846741,False,False,True
Curious  Has anyone tried drinking rubbing alchohol?,0,no_crisis,0,no_crisis,0.5226739326799462,0,no_crisis,0.9577845931053162,True,True,True
"Tired I've only been awake for an hour and I'm already exhausted. I've had tightness in my chest since I became conscious and I don't see it going away anytime soon. Fuck the holidays and fuck money as a concept. 
Idk why I'm here, just to say I'm tired. 
I want to never hear someone I love say, it'll get better, or just try you'll get it. 
I can't be within a foot of another human without going into fight, flight, or freeze. 
Is it always going to be this hard? I'm not sure how much left I have to give. If I was left by myself, I could wither away into nothing. 
I hate this life. ",2,explicit_crisis,1,implicit_crisis,0.4932943313232222,1,implicit_crisis,0.9862239360809326,False,False,True
"I wanna off myself bc of my height Im a good looking dude and i have  a gf, but sometimes i get depressed due to my height (5'8) and i wanna off myself. She doesnt anyhthing about this. Actually nobody knows anything except me.",1,implicit_crisis,2,explicit_crisis,0.6418405765931249,2,explicit_crisis,0.9172377586364746,False,False,True
I'm a horrible human I hurt and lied to the best human I know. And idk if I can or want to live with myself. ,2,explicit_crisis,2,explicit_crisis,0.49250780471705824,0,no_crisis,0.9963704347610474,True,False,False
Bad day Just a bad day. I feel like killing myself but can't because what remains of my fam can't do much without me. Feels like I'm just perpetually suffering. I wish I could join my dad in death,2,explicit_crisis,2,explicit_crisis,0.7277184523678659,2,explicit_crisis,0.9968262910842896,True,True,True
"i wish someone cared for me i feel like everyone in this world hates me. my friends, my family, anyone i meet. i try to not let my emotions get the best of me but it feels like i'm alone in this world.. i think if i end up committing suicide, people will forget me in a day. i wish someone actually wanted me to be in their life.",0,no_crisis,1,implicit_crisis,0.41340640961827646,1,implicit_crisis,0.7686342000961304,False,False,True
How do I get the courage to jump?  I've had a place picked out and a plan for so long. I guess I am just waiting to be emotionally pushed over the edge which feels like it will happen any minute now,2,explicit_crisis,2,explicit_crisis,0.43195003898388845,2,explicit_crisis,0.9687188267707825,True,True,True
I have a plan if this depression and other mental heath stuff doesn't stop going to do this in a couple of months.  I have a method that should work if not idk just be furious. If they can build Tesla robots surely they can find a cure for depression and all the other fucked up mental health issues out there. I haven't been on meds in years and honestly don't believe in them as they aren't cures. And don't want to take them for eternity. It's bad enough that a practically starve myself daily. I just can't keep living anymore I'm done forever my brain isn't healthy at all. So there my fam has no idea of my plan but here it goes. ,2,explicit_crisis,2,explicit_crisis,0.5256537565446463,2,explicit_crisis,0.9907196760177612,True,True,True
Why am I so worthless? I don't fucking deserve to live,1,implicit_crisis,0,no_crisis,0.41756496734478815,1,implicit_crisis,0.9922330379486084,False,True,False
"What's the point of explaining Blah blah blah
words words words
",0,no_crisis,0,no_crisis,0.6953829014580141,0,no_crisis,0.9936889410018921,True,True,True
"todays my last day i plan to end it within the next 30 mins, my girlfriend split up with me yesterday, i've been struggling with mental issues for years and she was the only thing holding my life together and now i feel lost. it feels like my life is on a never ending downhill. nothing ever changes and nothing ever gets better. I left a short note for my mum on my dresser. I think i'm going to go for a bush walk, lay somewhere nice and slit my throat. ",2,explicit_crisis,2,explicit_crisis,0.4416760547027239,2,explicit_crisis,0.9964020252227783,True,True,True
My best friend shot himself My best friend shot himself last week and I don't want to live in a world without him ,1,implicit_crisis,2,explicit_crisis,0.41770324315802315,0,no_crisis,0.7628095149993896,False,False,False
Can someone talk to me please  I just need someone to talk to right now and I hope I can help you too ,0,no_crisis,0,no_crisis,0.9593237925746171,0,no_crisis,0.9973952770233154,True,True,True
"If You need to talk I'm here to listen, just let it go.",0,no_crisis,0,no_crisis,0.8153158422190238,0,no_crisis,0.997316300868988,True,True,True
"Don't want to die, just not exist. Am ai gonna kill myself, probably one day...

But if a venue appeared and gave me three wishes I'd say that's too many. I really just wish to not exist and have never existed.

But since you're giving me three. First wish is that weapons of war will always fail. Second, everyone has the basic needs to live a dignified life. Third, that these first two wishes remain but that all other traces of me and my existence never existed.",1,implicit_crisis,1,implicit_crisis,0.5561057131361958,2,explicit_crisis,0.9844531416893005,True,False,False
Got the hydrogen tank and exit bag don't think I'll be here in the morning. hopefully there's a next life and I'll do better next time around. ,2,explicit_crisis,2,explicit_crisis,0.4210263895871361,2,explicit_crisis,0.9874181747436523,True,True,True
"Feel like a lost cause, longer term plan. I can't even express my feelings anymore bc I feel I'm just unrelatable and burdening everyone. The problem is I have high moods and low moods. If I stayed in crisis I could more effectively plan my suicide for the future after my parents pass. If I stayed in high moods I wouldn't waste so much time and hate myself for these chronic low moods.
I've done a lot to try and help myself but I'm just exhausted. I can't kill myself now because it would hurt my parents too much but I'm a waste as a person and feel so messed up.
My moods are all over the shop but nothing seems to change it long term. ",2,explicit_crisis,2,explicit_crisis,0.5952131898709685,2,explicit_crisis,0.9970302581787109,True,True,True
"If you're single, there's no reason to live.  I'm still trying to find purpose. My friends are too busy, I can't date, I failed every time I tried to get a stable job, or even a degree or certification. If my friends don't agree to hang, I just sit at home in my room. Hobbies don't make me feel better anymore and I'm at the end. 

I just hate how people fucking lie. They KNOW life is 10xs better when you have love, but wanna gaslight me into staying alive over some bullshit. ",1,implicit_crisis,2,explicit_crisis,0.42884343657550367,1,implicit_crisis,0.9920750856399536,False,True,False
"Loneliness is killing me little by little  I'm F 18 yo and I have no friends, no bf (or any fling). I can't stand loneliness, it suffocates me and I just want to die. I feel like people my age are having fun and living the best years of their lives, while I'm suffering in agony from being so alone. My biggest concern is how I could possibly take my life lmao. I just need to know that I matter to people.",2,explicit_crisis,2,explicit_crisis,0.45097117976451956,2,explicit_crisis,0.9953808784484863,True,True,True
"I've been thinking about it for the last few days i hate my life i cant reach out to anyone i dont want to keep doing this forever

i just want this to be over i feel like id be happier then i feel so much pain all the time",2,explicit_crisis,1,implicit_crisis,0.49338821388752924,2,explicit_crisis,0.9862631559371948,False,True,False
"TW: Attempt Questions I hung myself last year and I'm often curious about it because I was unresponsive. Is it normal to be curious about it, I've considered asking the police department for the video. Has anyone else had a similar situation, it just doesn't feel real. I know I'm not dead but it doesn't make sense in my mind. I feel like I'm in denial.",0,no_crisis,2,explicit_crisis,0.6072055626489228,2,explicit_crisis,0.8677053451538086,False,False,True
"I will finally find peace Right now I'm currently walking to the bridge that I'm going to jump off of, for once I'm no longer scared of dying. I never felt this much weight taken off my shoulders, this is the first time in my life where I've felt some kind of relief, relief because soon my suffering will be over and nothing will matter anymore. I hope death treats me better then being alive ever has.",2,explicit_crisis,2,explicit_crisis,0.6883527611306078,2,explicit_crisis,0.9875975251197815,True,True,True
"Is the “happy” phase people experience beforehand really true? They say when a depressed person suddenly seems really happy and joyful, that it's a warning sign they may have decided to end their life in the near future. Is this really true for everyone? I've decided, even on the day, and yet I don't feel that way. A bit of relief, but not happiness. Just curious about this, it worries me that I might not go through with it since I don't feel the high. ",2,explicit_crisis,0,no_crisis,0.3496428454646294,2,explicit_crisis,0.9949711561203003,False,True,False
"i'm so over it. i have absolutely nothing to live for, i failed my parents and my family. I am nothing but a leech just wasting his life away for nothing. so why not just die already. ",2,explicit_crisis,1,implicit_crisis,0.635114559664522,2,explicit_crisis,0.9872511625289917,False,True,False
"I can't I can't imagine a future where I'm actually happy, even if everything goes perfectly. I can deal with bad times and depression, but the lack of any hope for the future is the killer",0,no_crisis,0,no_crisis,0.3664185137671319,1,implicit_crisis,0.9821332097053528,True,False,False
"72 hour hold Took some pills, ended up in the psych ward. The worst experience of my life.",2,explicit_crisis,0,no_crisis,0.453777746296883,2,explicit_crisis,0.9775283932685852,False,True,False
Should I be concerned? I tried to strangle myself last night first with a cord and then just with my hands. I did this a couple of times but ended up chickening out after a few seconds each time. Now it's the next day and I have an excruciating headache that won't go away. The other symptoms have sort of subsided since this morning like the lightheadedness and brain fog but the headache is definitely still there. Is this a cause for concern? I'm really not sure what to do here and I want to try and avoid going to the hospital if at all possible.,2,explicit_crisis,2,explicit_crisis,0.5652144909977418,2,explicit_crisis,0.9899677038192749,True,True,True
I'm not trying hard enough  I just want to know what wrong with me. I always have some kind of new problems everyday. My psychiatrist thinks it might be undiagnosed ADHD but to get tested for it is rly fucking expensive so if it is ill just have to keep suffering on my own. I just want to experience life without being sad and depressed 24/7. No medication helps at this point and it rly fucking sucks. I just want to finally end it all. ,0,no_crisis,2,explicit_crisis,0.5067037378162533,2,explicit_crisis,0.9952074885368347,False,False,True
"What's so special about life? I mean, why do people fight so hard for living? For most of us, life is nothing but suffering, and still we fight. Why? I can't find a answer these days, I'm gonna die someday anyway, the only difference is that I'm gonna suffer less if I decide to go sooner. Besides religion (that I don't have) and social constructions, life is only worth living for those who are lucky to born in a nice place and meet nice people.

Death is just... death. So what? You wont even see it.",1,implicit_crisis,0,no_crisis,0.47308866885943723,2,explicit_crisis,0.9873888492584229,False,False,False
"I failed and no one was there Do you have any idea how gutting it is to try to end your life only to find out nobody checked on you in those hours you were fighting to survive? That's what I've just experienced, and fuck, I'm so upset. Not a single person checked on me through anything. Even afterwards — nothing. 

I want to try again. I'm so alone. I'm so so alone. I don't have anyone. I'm gutted . I can't survive alone like this so what's the point of surviving in the first place?",2,explicit_crisis,0,no_crisis,0.3981142590615899,2,explicit_crisis,0.9947458505630493,False,True,False
symptoms i took hella ibuprofen last night trying to kms. is a fever a sign that this is going to work out for me or has it been too long for anything to be a sign that it's going to work out for me? thanks ,2,explicit_crisis,2,explicit_crisis,0.4732172789661859,2,explicit_crisis,0.9875454306602478,True,True,True
In my heart I truly feel like a therapist wouldn't even care. that's it ,0,no_crisis,0,no_crisis,0.41628642176725417,0,no_crisis,0.9933581948280334,True,True,True
"The only reason I haven't killed myself yet is because I'm scared to fail It feels pathetic. I just want everything to stop. But if I don't suceed, than I have to live with the consequences of that. It's a catch-22. 

And I know no one ever said life is supposed to be fair, but... It's not fucking fair. I'm tired. ",2,explicit_crisis,1,implicit_crisis,0.4675842334059842,2,explicit_crisis,0.996813952922821,False,True,False
"Understanding Suicidal Thoughts Through Reading/Researching Hi,

What are some books or resources you've read or are currently exploring to better understand the basis of your suicidal thoughts? Whether it's through physiological or psychological perspectives, has diving into the cognitive foundations of your thoughts been helpful for you?",0,no_crisis,0,no_crisis,0.48419241002335883,0,no_crisis,0.9927979111671448,True,True,True
"there's nothing left to live for i just lost the reason why i kept living. everything i know and love feels like it's been shattered beyond repair, and i want nothing more than my reason to hug me and comfort me. i was promised a future together, and it seems so rocky. i hate myself. i hate myself so much. i always fuck up. and now i'm losing everything again. i need fo learn when to give up. when to accept that im a lost cause. he will never love me the way i love him. ",0,no_crisis,1,implicit_crisis,0.6317344877789398,1,implicit_crisis,0.9940032362937927,False,False,True
I need someone to talk to  I need someone to talk to anyone I just need someone to talk to/vent to it can be just this one time I just need it right now ,0,no_crisis,0,no_crisis,0.8548811929818135,0,no_crisis,0.9957614541053772,True,True,True
I want to commit suicide I can't take it anymore,2,explicit_crisis,2,explicit_crisis,0.7767640367560084,2,explicit_crisis,0.9841883182525635,True,True,True
scared to hurt my family  i feel like i can't win in either situation,0,no_crisis,2,explicit_crisis,0.4382847841498498,0,no_crisis,0.9883224368095398,False,True,False
Will off myself in a three years  That's it. Nothing else. No point. Too tired to explain. ,2,explicit_crisis,1,implicit_crisis,0.43483960021712337,2,explicit_crisis,0.995371401309967,False,True,False
"*HUGE ALERT ⚠️* If you are not suicidal/ are not experienced with the concept of suicide and  you are looking to support people. PLEASE don't, wait for someone who knows what their doing. I'm a autistic 15 year old and its really tolling to read the horrible situations people are in",0,no_crisis,0,no_crisis,0.7530959027661722,0,no_crisis,0.9965333938598633,True,True,True
"I sleep every night, hoping not to wake up again. I don't have the guts to end it myself. I just want it....no....I NEED it to end. NOW.

I can't do this anymore.

Sometimes I think.... what if I don't die? What if I have to keep living like this and it won't end until I'm old?

How is this fair? ",1,implicit_crisis,1,implicit_crisis,0.48139443214796307,2,explicit_crisis,0.9892458319664001,True,False,False
icsnt make it throguh tonight my girldriejnd admitted shedoesnd love me andshe nevee didadfter 7months ogf dsting im failinf schoolso badlh im relapsinf inan eating disorder icut unfil ifelf numh idontnknow what to do anymore im so fuckinf lost ending eveyrhtinf genuinelh feels like the onlu thing ican do ,2,explicit_crisis,2,explicit_crisis,0.3974482788467026,2,explicit_crisis,0.7846575975418091,True,True,True
"I don't know if I can hold on any longer Every day it becomes very difficult for me to live, suicidal thoughts keep going through my mind but I don't want to let my mother lose her only daughter. But it's so hard to bear it",2,explicit_crisis,2,explicit_crisis,0.6395349780860154,2,explicit_crisis,0.9962911605834961,True,True,True
I am just here Im not sure what else to say.. I am feeling just depleted ,0,no_crisis,1,implicit_crisis,0.4712119896642898,1,implicit_crisis,0.579522430896759,False,False,True
I hate Christmas I conform and pretend i love it so people like me or think good of me but I hate it. Makes me so miserable now that I don't have a best friend anymore so spend it with. I'm 100% alone and it's so scary. I understand all the hotline shares on social media because I'm very much suicidal because I'm reminded of how LONELY I actually am.,2,explicit_crisis,2,explicit_crisis,0.5027809776226296,2,explicit_crisis,0.9952802658081055,True,True,True
"don‘t know what to do contemplating suicide. last time i felt like this has been a long time ago. i don‘t have anyone to talk to about my feelings and even if i had someone, i would never get myself to really talk about it",2,explicit_crisis,2,explicit_crisis,0.5532993262776312,2,explicit_crisis,0.9926522970199585,True,True,True
"Why do they all want me gone I already wanted to, but my mood is just ruined because now i just want to sleep outside for the night and hope someone just comes to beat the shit out of me. I know ive done some fucked up shit but i was going to get killed if i didnt. It doesnt justify what i did, but at the same time, i was in kindergarten. Im making up excuses but i honestly dont care. Just why. ",1,implicit_crisis,2,explicit_crisis,0.5265695525105719,2,explicit_crisis,0.9906541705131531,False,False,True
"Just turned 30, feels like I'm not supposed to make it this far I feel like I should've die a few years ago. Now how am I suppose to survive the rest of this life?",1,implicit_crisis,1,implicit_crisis,0.4159610022495335,1,implicit_crisis,0.8672346472740173,True,True,True
going to kms before my birthday im gonna take 15 g of tylenol idk if its gonna work tho if it doesnt ill crash my car or something,2,explicit_crisis,2,explicit_crisis,0.4418189168574463,2,explicit_crisis,0.9957308173179626,True,True,True
"Should I just k.ll myself? Yes or nah? I'm planning to try doing it again. But I dunno. I'm just tired of being alone. I have nothing. And everyone else is so happy, and everybody else hates/dislikes me or something. ",2,explicit_crisis,1,implicit_crisis,0.4768656940745968,2,explicit_crisis,0.9954628348350525,False,True,False
"I feel like I've been dying for years It's so hard to do anything anymore. I feel like I've been dying for years, maintaining this body anyway I can when my mind is already in the ground. I turn 25 soon, I feel like all these years, hanging on, have been such a waste. I wish things were different and better and I had a reason to live but I don't. Nothing brings me joy anymore, it's only fleeting, I feel like a ghost. I just want to disappear, and then I'll only disappoint everyone one last time. ",1,implicit_crisis,1,implicit_crisis,0.7171350412401467,1,implicit_crisis,0.9960646033287048,True,True,True
"I've never felt so alone and defeated  In November I lost my mom and another close person to me 3 weeks apart, and in June I had a miscarriage. Now that both funerals are over I'm letting myself be paralyzed with grief. I wish I can sleep the entire day away so I don't have to think about how I feel or eat. At the moment it's a chore to even breathe, im seriously considering checking myself into some hospital because I feel like I'm having auditory hallucinations of my mother talking, I feel scared and alone this Christmas. I don't have anyone to talk about this to, I hope it makes some sense and thank you if you read this ",1,implicit_crisis,2,explicit_crisis,0.587238900327584,0,no_crisis,0.8530259132385254,False,False,False
"Thinking about leaving  I'm 16 and in college, i'm studying so i can go to university and become a barrister, but i dont have the motivation anymore. I've struggled with suicidal thoughts since I was 12. I'm struggling to find reasons to live. I have 3 pets of my own, and I'm starting to not care about what happens to them if I'd leave. I have five siblings, two sisters in laws and my mum and dad. I love them, yet I don't feel selfish if I were to take my life. Every day, I write about my day and I haven't been doing it for months now. I don't have the motivation to keep up. ",2,explicit_crisis,2,explicit_crisis,0.48394162054203604,2,explicit_crisis,0.9943923354148865,True,True,True
jumping off humber bridge tmr i don't see another way out. i hope i die on impact and don't slowly drown ,2,explicit_crisis,2,explicit_crisis,0.510186854496475,2,explicit_crisis,0.9949423670768738,True,True,True
i'm so lonely and i don't wanna live like this 17 moved into my own college apartment i'm so lonely everyday my partner lives across the country and all i do is smoke weed because i don't know what else to do. im broke and in school and my mom helps me pay for stuff and i miss living with her but my dad is abusive and im scared of my sibling who is getting out of prison soon. i feel like a lil kid and i don't know how to take care of myself i need to be held ,0,no_crisis,2,explicit_crisis,0.5426101312393157,1,implicit_crisis,0.9142038226127625,False,False,False
i have a plan ill spend one last weekend with my bf and then i'm out of there. i already got it figured out. AMA. ,2,explicit_crisis,2,explicit_crisis,0.4719428464913918,2,explicit_crisis,0.8254661560058594,True,True,True
"Almost did it yesterday. Survived and now I feel nothing but guilt. I feel like everyone is secretly mad at me. I feel like it's wrong for me to laugh today and have fun because yesterday I put everyone through hell. I feel like none of it is real and that I'm the worst person in the world. I feel a lot of adrenaline and almost happy, but also horribly miserable.
What the fuck is wrong with me. Did I make a mistake? Will my girlfriend and brother and everyone else never see me the same way again? Jesus Christ.",2,explicit_crisis,2,explicit_crisis,0.41999066033778787,2,explicit_crisis,0.7850030660629272,True,True,True
Not deserving of life I just waste it and do nothing with it. I am a burden to those around me. My health is deteriorating. I hate bothering everyone with my problems. I wish I could give my life to someone who would make use of it.,1,implicit_crisis,1,implicit_crisis,0.5296154106713059,1,implicit_crisis,0.9948810338973999,True,True,True
"My friends are getting frustrated that I cant get out of depression. Theyre just impatient with me. Cant talk about my struggles anymore. Like the title.

Kinda just want to leave. Just venting.",0,no_crisis,1,implicit_crisis,0.424501626374471,1,implicit_crisis,0.9928038716316223,False,False,True
My boyfriend broke up with me I'm sad,0,no_crisis,0,no_crisis,0.591465511137058,0,no_crisis,0.9956715106964111,True,True,True
"It's just too much.  Been a few months since I've been in this place. I want out. I should have walked out into the ocean when I had the chance, taken the pills and let the surf carry me away…",2,explicit_crisis,2,explicit_crisis,0.48531093632748723,2,explicit_crisis,0.69394451379776,True,True,True
I am so over everything. I just want everything to be over. Why did I have wake up again,1,implicit_crisis,1,implicit_crisis,0.8529545536723054,1,implicit_crisis,0.9960405826568604,True,True,True
I hate being alive. Every minute of everyday is just filled with pain and anguish. Why must we be forced to stay in a world that some of us do not see any hope or any type of future in? I am honestly at the end of my rope and there is nothing I can do to get myself out of this hole. I just want to go to sleep and never wake up because living is just a nightmare. there is no point,1,implicit_crisis,1,implicit_crisis,0.7852614873018189,1,implicit_crisis,0.9965494871139526,True,True,True
I just want to be out of this cruel world. that is all I wanted to say. Just get me out of here.,1,implicit_crisis,1,implicit_crisis,0.6217256116981432,1,implicit_crisis,0.894291877746582,True,True,True
Give me a reason y my life is worth it one atleast please. do not ask me to live for others please because the only reason I am even writing this is thinking about others so one solid reason please its getting really bad and hard to hold on PLEASE. STOP ME,1,implicit_crisis,1,implicit_crisis,0.5453044557163347,1,implicit_crisis,0.9032972455024719,True,True,True
Maybe I am a lost soul who happened to be thrown to this world. All I want is to loose conscious and Rest In Peace for eternity I really do not get the point,1,implicit_crisis,1,implicit_crisis,0.6141171468477219,1,implicit_crisis,0.99479079246521,True,True,True
I am abroad rn and the temptation to just get a hotel room and end it all is just there. i hate my life and for so long now I have been convinced that it never gets better. i just want it all to stop i do not want to feel anymore. help,1,implicit_crisis,1,implicit_crisis,0.6497137102054427,2,explicit_crisis,0.9222153425216675,True,False,False
A few moments of happiness are not worth all the suffering in the long run. Some days are good overall but most of the time they are not. It is just not worth it to go through all that shit only to get a little bit of happiness if any at all. No amount of happiness will ever be worth it. it is just not worth it,1,implicit_crisis,1,implicit_crisis,0.48911488421740973,1,implicit_crisis,0.9875713586807251,True,True,True
I am doing it. Who fucking cares anymore. Everyday I lie saying its getting better its getting better. When its not. I do not care anymore. I do not want a future. I do not want to wake up anymore. I want to be a statistic not a person. Fuck it.,1,implicit_crisis,1,implicit_crisis,0.7920092219094782,1,implicit_crisis,0.9957787990570068,True,True,True
I am bored. I am unhappy. I am alone. The quality of the earth is declining rapidly. I want out. I do not want to be alive anymore,1,implicit_crisis,1,implicit_crisis,0.7485675425155819,1,implicit_crisis,0.996624231338501,True,True,True
I am so drained. I just want peace. I have been praying for peace for three full years. I just want to sleep forever. Tired,1,implicit_crisis,1,implicit_crisis,0.8896972624507282,1,implicit_crisis,0.9965749382972717,True,True,True
"I feel so empty inside. I lost the will to live. I am freaking 24, still friendless, uneducated working a dead end job. I want to disappear. I check my phone hourly even tho I have no friends. Just staring at this blank lockscrren is depressing loneliness hurts so much",1,implicit_crisis,1,implicit_crisis,0.4946254815185528,1,implicit_crisis,0.9958693385124207,True,True,True
"Waking up to work, eat, work, then sleep to meet another same routine. Communicating with other people is tiring. I just want to sleep forever.When I go to a high place, a desire to jump come into me. To other people it might just seem like I was daydreaming. I really want to jump.So tired. Life is boring",1,implicit_crisis,1,implicit_crisis,0.7457401087007708,1,implicit_crisis,0.9965110421180725,True,True,True
"No friends, nothing to do, everyday is the same and i hate my life. Why does it have to be like this man, i did not ask to be here and yet I was placed on this space rock just to exist and be tortured by my miserable existence. 16 years lived and 16 too many. I just want it over. I am young, depressed, alone, worthless, and numb.",1,implicit_crisis,1,implicit_crisis,0.8274160934727582,1,implicit_crisis,0.9964955449104309,True,True,True
"AAAAAAAAAAAAAAAAAAAAAAAAAAAAAAAH, sorry I am very overwhelmed and stressed and I hate the internet and I hate ppl, somebody made a joke and I did not get it so I got angry at them cz I thought they were being stupid and ppl did not like that I got angry, I keep fucking up everything, I have not taken my meds I soooo long, I want to just die, I want to sleep forever, I want to disappear, I wish to no longer exist, just poof, gone, forever just like that, anyways I am tired so imma sleep gn so much is going on",1,implicit_crisis,1,implicit_crisis,0.7836116212344717,1,implicit_crisis,0.9947760105133057,True,True,True
"I have never felt so depressed, worthless, hopeless, and alone my entire life. I wish I had somebody to talk to but I do not have anyone. What should I do? I wish I could just die already. I cannot take this pain anymore, its becoming unbearable to the point I cannot sleep properly or be functional. The only thing holding me back is the fear of failing and ending up in paralysis. I do not know who to reach out to and how. I have tried to talk to people in the past but they did not really care. How to reach out for help?",1,implicit_crisis,1,implicit_crisis,0.6340018962415263,1,implicit_crisis,0.9835523962974548,True,True,True
"My life has been hard and full of abuse, and I realize looking back, neglect. The one thing that always bright me joy was creating art. But not anymore. Not it feels so pointless.I have no rain to paint because I have no reason to keep going Art feels pointless now",1,implicit_crisis,1,implicit_crisis,0.6917741698867012,1,implicit_crisis,0.9866575598716736,True,True,True
"Maybe I know that I do in my subconscious, but am in denial or deceive myself in ways to make me feel better? I do not know. Could be from a lot of reasons too. People do notice I beat myself up and I do not really notice it till they mention it, then I reflect on it later with hindsight after the fact and just think and think about everything but I do not know exactly why I feel this way about myself. I do not understand how my brain is wired and I do not know how to understand. I feel lost, and tired of fighting ngl. I feel like I hate myself, but cannot pinpoint why",1,implicit_crisis,1,implicit_crisis,0.47337987271392284,1,implicit_crisis,0.9634140729904175,True,True,True
"I am so young i know I should not be feeling this wayI should be out living my life and enjoying myselfI do not want anyone to tell me it gets better because I have waited and tried to get help for over 5 years and here I am in the same exact place I started. Life is a roller coaster and not a pleasant oneIm a seventeen year old girl and I am in survival mode every day. I am tired of fighting this alone If I disappeared tomorrow morning everybody would still go on about their daySo why I am I still here? What am I waiting for? I have already made my decision my next decision is how I am going to do it. I do not want to kill my self, I just want the pain to end",1,implicit_crisis,1,implicit_crisis,0.4489503582624567,2,explicit_crisis,0.9891430735588074,True,False,False
